<?xml version='1.0' encoding='utf-8' standalone='yes' ?>
<map>
    <string name="ControllerABGroup">1738.4</string>
    <string name="auid">edbd1078-4e89-47a2-b9bc-396efd9b8c84</string>
    <string name="search_keys">{&quot;success&quot;:&quot;&quot;,&quot;fail&quot;:&quot;&quot;,&quot;searchKeys&quot;:[&quot;market://&quot;,&quot;play.google.com&quot;],&quot;acknowledgeWith&quot;:&quot;acknowledgeMessage&quot;,&quot;declineWith&quot;:&quot;errorTest&quot;}</string>
    <string name="ssaGlobalAppData">{&quot;controllerVersion&quot;:&quot;3095&quot;,&quot;adPlayerVersion&quot;:&quot;0.1.6986&quot;}</string>
    <string name="version">8.3.0</string>
</map>
