<?xml version='1.0' encoding='utf-8' standalone='yes' ?>
<map>
    <string name="prev_event_name">page_landing</string>
    <long name="prev_event_timestamp" value="1764155672307" />
    <int name="appsFlyerInAppEventCount" value="5" />
    <string name="prev_event_value">{&quot;source_acquisition&quot;:&quot;&quot;,&quot;page_id&quot;:&quot;player&quot;,&quot;load_time&quot;:21107,&quot;target_page_id&quot;:&quot;player&quot;,&quot;page_category&quot;:&quot;landing_page&quot;,&quot;source_element&quot;:&quot;page_visit&quot;,&quot;entry_point&quot;:&quot;&quot;}</string>
    <long name="prev_session_dur" value="1" />
    <boolean name="ddl_sent" value="true" />
    <string name="ddl">{&quot;from_fg&quot;:162,&quot;net&quot;:[503],&quot;status&quot;:&quot;ERROR&quot;,&quot;timeout_value&quot;:3000}</string>
    <int name="versionCode" value="9964" />
    <long name="init_ts" value="1764038960582" />
    <long name="fg_ts" value="1764038962616" />
    <string name="savedProperties">{&quot;uid&quot;:&quot;1764038962627-4508163841296617868&quot;,&quot;shouldLog&quot;:&quot;false&quot;,&quot;logLevel&quot;:&quot;0&quot;,&quot;AppsFlyerKey&quot;:&quot;3TV78onneSTLeEX8p8B4y8&quot;,&quot;advertiserId&quot;:&quot;097cd75c-89ff-42c0-ace0-5fe51e5ad707&quot;,&quot;advertiserIdEnabled&quot;:&quot;true&quot;}</string>
    <string name="AF_INSTALLATION">1764038962627-4508163841296617868</string>
    <int name="appsFlyerCount" value="2" />
    <long name="AppsFlyerTimePassedSincePrevLaunch" value="1764155608794" />
    <boolean name="newGPReferrerSent" value="true" />
    <string name="first_launch">{}</string>
    <string name="appsFlyerFirstInstall">2025-11-25_024923+0000</string>
</map>
