<?xml version='1.0' encoding='utf-8' standalone='yes' ?>
<map>
    <float name="com.google.firebase.perf.NetworkRequestSamplingRate" value="0.059246723" />
    <boolean name="com.google.firebase.perf.ExperimentTTID" value="true" />
    <float name="com.google.firebase.perf.FragmentSamplingRate" value="0.1" />
    <boolean name="com.google.firebase.perf.SdkEnabled" value="true" />
    <float name="com.google.firebase.perf.TraceSamplingRate" value="1.0" />
    <long name="com.google.firebase.perf.TimeLimitSec" value="600" />
    <string name="com.google.firebase.perf.LogSourceName">FIREPERF</string>
    <string name="com.google.firebase.perf.SdkDisabledVersions"></string>
    <long name="com.google.firebase.perf.TraceEventCountForeground" value="300" />
    <long name="com.google.firebase.perf.TraceEventCountBackground" value="30" />
</map>
