<?xml version='1.0' encoding='utf-8' standalone='yes' ?>
<map>
    <string name="page_visit:48K-8WW-754Z">24|1764038964|1764155677</string>
    <string name="App Launched:48K-8WW-754Z">2|1764038960|1764155606</string>
    <string name="play_start:48K-8WW-754Z">1|1764155653|1764155653</string>
    <string name="thumbnail_click:48K-8WW-754Z">2|1764155628|1764155647</string>
    <string name="play_stop:48K-8WW-754Z">1|1764155672|1764155672</string>
    <string name="enable_push_notification:48K-8WW-754Z">1|1764038981|1764038981</string>
</map>
