<?xml version='1.0' encoding='utf-8' standalone='yes' ?>
<map>
    <int name="d_ts" value="1764155607" />
    <int name="dh" value="1319154477" />
    <int name="hgt" value="3" />
    <string name="av">3.14.48</string>
    <int name="v" value="2" />
    <int name="wdt" value="6" />
    <string name="j_n">ZmlqfQoBAgdjaw==</string>
    <string name="i_n">ZW9ieQIHBwVgbw==</string>
    <int name="r_ts" value="1764155678" />
    <string name="id">48K-8WW-754Z</string>
    <string name="k_n">DHhgegIIAwdmb2Z9ZWpjcgICBwZmeA8=</string>
    <string name="j_s">{}</string>
</map>
