<?xml version='1.0' encoding='utf-8' standalone='yes' ?>
<map>
    <string name="deviceId:48K-8WW-754Z">__41c94a6269a441f0a228ca98d241df00</string>
    <int name="lastSessionId:48K-8WW-754Z" value="1764155606" />
    <string name="fcm_token:48K-8WW-754Z">eR3o_NOnTPe-avJHSUAF6d:APA91bFzUbXdA9RGdrD9aGQwaaRVQYolwrOaKRE0KY-lWsHEmEb0j2DrRQA4eeedU9pqAmkrR2OfFYC8OSVU4NIFa1n5C8bXNy_nF156-_rhodUSOLYmzbM</string>
    <boolean name="NetworkInfo:48K-8WW-754Z" value="true" />
    <string name="comms_dmn:48K-8WW-754Z">eu1.clevertap-prod.com</string>
    <int name="comms_last_ts:48K-8WW-754Z" value="1764155678" />
    <int name="comms_first_ts:48K-8WW-754Z" value="1764038962" />
    <int name="istmcd_inapp:__41c94a6269a441f0a228ca98d241df00:48K-8WW-754Z" value="10" />
    <int name="sexe:48K-8WW-754Z" value="1764155686" />
    <int name="comms_mtd:48K-8WW-754Z" value="0" />
    <boolean name="OptOut:__41c94a6269a441f0a228ca98d241df00:48K-8WW-754Z" value="false" />
    <int name="pfjobid" value="238148191" />
    <string name="ict_date:__41c94a6269a441f0a228ca98d241df00:48K-8WW-754Z">26112025</string>
    <int name="imc:__41c94a6269a441f0a228ca98d241df00:48K-8WW-754Z" value="5" />
    <string name="instance:48K-8WW-754Z">{&quot;accountId&quot;:&quot;48K-8WW-754Z&quot;,&quot;accountToken&quot;:&quot;00b-3b4&quot;,&quot;fcmSenderId&quot;:&quot;732565920259&quot;,&quot;analyticsOnly&quot;:false,&quot;isDefaultInstance&quot;:true,&quot;useGoogleAdId&quot;:false,&quot;disableAppLaunchedEvent&quot;:false,&quot;personalization&quot;:true,&quot;debugLevel&quot;:0,&quot;createdPostAppLaunch&quot;:false,&quot;sslPinning&quot;:false,&quot;backgroundSync&quot;:true,&quot;getEnableCustomCleverTapId&quot;:false,&quot;beta&quot;:false,&quot;allowedPushTypes&quot;:[&quot;FCM&quot;,&quot;XPS&quot;,&quot;HPS&quot;,&quot;BPS&quot;,&quot;ADM&quot;]}</string>
    <int name="istc_inapp:__41c94a6269a441f0a228ca98d241df00:48K-8WW-754Z" value="1" />
    <string name="inApp:48K-8WW-754Z">[]</string>
    <string name="comms_dmn_spiky:48K-8WW-754Z">eu1-spiky.clevertap-prod.com</string>
    <string name="SP_KEY_PROFILE_IDENTITIES:48K-8WW-754Z">Email,Identity</string>
    <string name="cachedGUIDsKey:48K-8WW-754Z">{&quot;Email_&quot;:&quot;__41c94a6269a441f0a228ca98d241df00&quot;,&quot;Identity_2108231546201902621&quot;:&quot;__41c94a6269a441f0a228ca98d241df00&quot;}</string>
</map>
