<?xml version='1.0' encoding='utf-8' standalone='yes' ?>
<map>
    <string name="prev_event_name">page_landing</string>
    <long name="prev_event_timestamp" value="1764155200474" />
    <int name="appsFlyerInAppEventCount" value="9" />
    <string name="afUninstallToken">cEOKSCD0RBOYAZuXrRIs5Q:APA91bFBcMiAUPrPNSZQZsNqTVvdvpO4WcRBZAK20v_mirN7Qq5esQJkyBpFL3aDMIPdIvUV7MekowZI0bY0fTivUu9em0DB4yAXdSqcHm-2Ki2MAroKgog</string>
    <long name="prev_session_dur" value="1" />
    <long name="af_rc_max_age" value="86400" />
    <boolean name="ddl_sent" value="true" />
    <string name="sentSuccessfully">true</string>
    <string name="ddl">{&quot;rfr_wait&quot;:1,&quot;net&quot;:[5458,0],&quot;from_fg&quot;:76,&quot;timeout_value&quot;:3000,&quot;status&quot;:&quot;ERROR&quot;}</string>
    <string name="af_remote_config">eyJmZWF0dXJlcyI6e30sInZlciI6ImRlZmF1bHQudjEuMTYzNzE0OTUyOSJ9</string>
    <int name="versionCode" value="20392" />
    <boolean name="sentRegisterRequestToAF" value="true" />
    <string name="savedProperties">{&quot;uid&quot;:&quot;1764087934575-2493943278548645449&quot;,&quot;waitForCustomerId&quot;:&quot;false&quot;,&quot;logLevel&quot;:&quot;0&quot;,&quot;AppUserId&quot;:&quot;__dff687c3ed2b4d09986fe355bd80cda4&quot;,&quot;advertiserId&quot;:&quot;a110402a-3279-41e9-889b-63db5469bf63&quot;,&quot;advertiserIdEnabled&quot;:&quot;true&quot;}</string>
    <string name="AF_INSTALLATION">1764087934575-2493943278548645449</string>
    <boolean name="afUninstallToken_queued" value="false" />
    <int name="appsFlyerCount" value="5" />
    <long name="af_rc_timestamp" value="1764087925993" />
    <long name="AppsFlyerTimePassedSincePrevLaunch" value="1764155135411" />
    <boolean name="newGPReferrerSent" value="true" />
    <string name="appsFlyerFirstInstall">2025-11-25_162534+0000</string>
    <long name="afUninstallToken_received_time" value="1764087934608" />
    <string name="attributionId">{&quot;af_status&quot;:&quot;Organic&quot;,&quot;af_message&quot;:&quot;organic install&quot;,&quot;is_first_launch&quot;:false}</string>
</map>
