<?xml version='1.0' encoding='utf-8' standalone='yes' ?>
<map>
    <boolean name="measurement_enabled_from_api" value="true" />
    <long name="first_open_time" value="1764087925673" />
    <string name="gmp_app_id">1:732565920259:android:f6e58ab0ed20c3cd</string>
    <string name="app_instance_id">8481edf4eca9746fded04882f2ef1d6c</string>
    <boolean name="app_backgrounded" value="false" />
    <long name="health_monitor:start" value="1764087931253" />
    <boolean name="use_service" value="true" />
    <boolean name="measurement_enabled" value="true" />
    <boolean name="has_been_opened" value="true" />
    <string name="health_monitor:value">2EC145001:Throwable caught in onActivityCreated: android.os.BadParcelableException: m7.ti.a(:com.google.android.gms.dynamite_measurementdynamite@254534022@25.45.34 (150400-0):42)</string>
    <boolean name="allow_remote_dynamite" value="true" />
    <boolean name="start_new_session" value="true" />
    <long name="health_monitor:count" value="7" />
</map>
