<?xml version='1.0' encoding='utf-8' standalone='yes' ?>
<map>
    <long name="com.facebook.appevents.SessionInfo.sessionStartTime" value="1764155068610" />
    <string name="ems_auth_token">25d28b2d443b3b73</string>
    <string name="predictorQuestionModelList">[]</string>
    <int name="com.facebook.appevents.SessionInfo.interruptionCount" value="1" />
    <int name="ems_show_id" value="158" />
    <string name="ems_social_login_id">283781210696851</string>
    <string name="com.facebook.appevents.SessionInfo.sessionId">36b512a8-a861-4448-9a11-5d8335288f8b</string>
    <string name="cp_customer_id">2301220523251760490</string>
    <boolean name="store_subscribe_user" value="true" />
    <long name="com.facebook.appevents.SessionInfo.sessionEndTime" value="1764155135914" />
    <long name="ems_user_profile_id" value="141329778" />
    <boolean name="is_logged_in" value="true" />
    <int name="ems_cahnnel_id" value="2" />
    <boolean name="is_footer_ad_showing" value="false" />
</map>
