<?xml version='1.0' encoding='utf-8' standalone='yes' ?>
<map>
    <int name="encryptionMigrationFailureCount:48K-8WW-754Z" value="0" />
    <boolean name="OptOut:__dff687c3ed2b4d09986fe355bd80cda4:48K-8WW-754Z" value="false" />
    <string name="deviceId:48K-8WW-754Z">__dff687c3ed2b4d09986fe355bd80cda4</string>
    <string name="pfworkid">48K-8WW-754Z</string>
    <int name="cachedGUIDsLengthKey:48K-8WW-754Z" value="2" />
    <int name="lastSessionId:48K-8WW-754Z" value="1764155133" />
    <string name="fcm_token:48K-8WW-754Z">cEOKSCD0RBOYAZuXrRIs5Q:APA91bFBcMiAUPrPNSZQZsNqTVvdvpO4WcRBZAK20v_mirN7Qq5esQJkyBpFL3aDMIPdIvUV7MekowZI0bY0fTivUu9em0DB4yAXdSqcHm-2Ki2MAroKgog</string>
    <boolean name="NetworkInfo:48K-8WW-754Z" value="true" />
    <string name="comms_dmn:48K-8WW-754Z">eu1.clevertap-prod.com</string>
    <int name="comms_last_ts:48K-8WW-754Z" value="1764155201" />
    <int name="comms_first_ts:48K-8WW-754Z" value="1764087928" />
    <int name="encryptionLevel:48K-8WW-754Z" value="0" />
    <int name="sexe:48K-8WW-754Z" value="1764155135" />
    <int name="istmcd_inapp:__dff687c3ed2b4d09986fe355bd80cda4:48K-8WW-754Z" value="10" />
    <int name="imc:__dff687c3ed2b4d09986fe355bd80cda4:48K-8WW-754Z" value="5" />
    <int name="comms_mtd:48K-8WW-754Z" value="0" />
    <boolean name="ssInAppMigrated:48K-8WW-754Z" value="true" />
    <string name="instance:48K-8WW-754Z">{&quot;accountId&quot;:&quot;48K-8WW-754Z&quot;,&quot;accountToken&quot;:&quot;00b-3b4&quot;,&quot;fcmSenderId&quot;:&quot;732565920259&quot;,&quot;analyticsOnly&quot;:false,&quot;isDefaultInstance&quot;:true,&quot;useGoogleAdId&quot;:false,&quot;disableAppLaunchedEvent&quot;:false,&quot;personalization&quot;:true,&quot;debugLevel&quot;:0,&quot;createdPostAppLaunch&quot;:false,&quot;sslPinning&quot;:false,&quot;backgroundSync&quot;:true,&quot;getEnableCustomCleverTapId&quot;:false,&quot;beta&quot;:false,&quot;encryptionLevel&quot;:0,&quot;allowedPushTypes&quot;:[]}</string>
    <int name="istc_inapp:__dff687c3ed2b4d09986fe355bd80cda4:48K-8WW-754Z" value="2" />
    <string name="comms_dmn_spiky:48K-8WW-754Z">eu1-spiky.clevertap-prod.com</string>
    <string name="SP_KEY_PROFILE_IDENTITIES:48K-8WW-754Z">Email,Identity</string>
    <string name="cachedGUIDsKey:48K-8WW-754Z">{&quot;Email_&quot;:&quot;__dff687c3ed2b4d09986fe355bd80cda4&quot;,&quot;Identity_2301220523251760490&quot;:&quot;__dff687c3ed2b4d09986fe355bd80cda4&quot;}</string>
    <string name="ict_date:__dff687c3ed2b4d09986fe355bd80cda4:48K-8WW-754Z">26112025</string>
    <long name="last_assets_cleanup" value="1764087928709" />
</map>
