<?xml version='1.0' encoding='utf-8' standalone='yes' ?>
<map>
    <int name="__triggers_1756038299" value="12" />
    <int name="__triggers_1764078915" value="11" />
    <int name="__triggers_1763838489" value="11" />
    <int name="__triggers_1763324177" value="1" />
    <int name="__triggers_1764078979" value="11" />
    <int name="__triggers_1752580699" value="11" />
    <int name="__triggers_1722600347" value="16" />
    <int name="__triggers_1764056775" value="23" />
    <int name="__triggers_1764079041" value="11" />
    <int name="__triggers_1764056722" value="22" />
    <int name="__triggers_1764056833" value="23" />
    <int name="__triggers_1764056789" value="7" />
    <int name="__triggers_1764072041" value="3" />
    <int name="__triggers_1722603357" value="11" />
    <int name="__triggers_1764147231" value="4" />
</map>
