<?xml version='1.0' encoding='utf-8' standalone='yes' ?>
<map>
    <string name="prev_event_name">home_page_seen</string>
    <int name="AF_CACHE_VERSION" value="2" />
    <boolean name="didSendRevenueTriggerOnLastBackground" value="false" />
    <long name="prev_event_timestamp" value="1764842286531" />
    <int name="appsFlyerInAppEventCount" value="17" />
    <long name="prev_session_dur" value="37" />
    <boolean name="ddl_sent" value="true" />
    <long name="af_rc_max_age" value="86400" />
    <string name="sentSuccessfully">true</string>
    <int name="versionCode" value="36" />
    <string name="af_remote_config">eyJmZWF0dXJlcyI6e30sInZlciI6ImRlZmF1bHQudjEuMTYzNzE0OTUyOSJ9</string>
    <string name="savedProperties">{&quot;logLevel&quot;:&quot;0&quot;}</string>
    <string name="AF_INSTALLATION">1764813893395-7971774643445424826</string>
    <boolean name="afUninstallToken_queued" value="false" />
    <int name="appsFlyerCount" value="4" />
    <long name="af_rc_timestamp" value="1764813893718" />
    <long name="AppsFlyerTimePassedSincePrevLaunch" value="1764842285242" />
    <boolean name="newGPReferrerSent" value="true" />
    <string name="appsFlyerFirstInstall">2025-12-04_073453+0530</string>
    <string name="attributionId">{&quot;engmnt_source&quot;:null,&quot;is_incentivized&quot;:&quot;false&quot;,&quot;af_ip&quot;:&quot;152.59.163.9&quot;,&quot;orig_cost&quot;:&quot;0.0&quot;,&quot;is_first_launch&quot;:false,&quot;af_click_lookback&quot;:&quot;1d&quot;,&quot;click_time&quot;:&quot;2025-12-04 02:04:43.777&quot;,&quot;is_branded_link&quot;:null,&quot;campaign_id&quot;:&quot;22273&quot;,&quot;install_time&quot;:&quot;2025-12-04 02:04:56.159&quot;,&quot;media_source&quot;:&quot;xapads_int&quot;,&quot;advertising_id&quot;:&quot;b23188a2-001a-4eed-832a-c3e5f43e752e&quot;,&quot;af_additionalpostback&quot;:&quot;1&quot;,&quot;af_siteid&quot;:&quot;2555&quot;,&quot;af_status&quot;:&quot;Non-organic&quot;,&quot;af_ad_id&quot;:&quot;222732323_30072025&quot;,&quot;signature_v2&quot;:&quot;aAYwpxb1PezmqsFNWhpqAufGRb_iGqs54P2gc-9RRkM&quot;,&quot;adset_id&quot;:null,&quot;http_referrer&quot;:null,&quot;campaign&quot;:&quot;StoryTV-IN-CPA-July'25&quot;,&quot;is_universal_link&quot;:null,&quot;is_retargeting&quot;:&quot;false&quot;,&quot;redirect_response_data&quot;:null,&quot;expires&quot;:&quot;1764939883522&quot;,&quot;adgroup_id&quot;:null,&quot;af_adset_id&quot;:&quot;222732323&quot;,&quot;retargeting_conversion_type&quot;:&quot;none&quot;,&quot;af_prt&quot;:&quot;xapads&quot;,&quot;CB_preload_equal_priority_enabled&quot;:false,&quot;af_cpi&quot;:null,&quot;iscache&quot;:true,&quot;adset&quot;:null,&quot;match_type&quot;:&quot;id_matching&quot;,&quot;af_channel&quot;:&quot;xerxes_2323&quot;,&quot;af_pmod_lookback_window&quot;:&quot;15m&quot;,&quot;redirect&quot;:&quot;false&quot;,&quot;af_ua&quot;:&quot;Mozilla\/5.0 (Linux; Android 15; V2513 Build\/AP3A.240905.015.A2_V000L1; wv) AppleWebKit\/537.36 (KHTML, like Gecko) Version\/4.0 Chrome\/142.0.7444.102 Mobile Safari\/537.36&quot;,&quot;af_c_id&quot;:&quot;22273&quot;,&quot;agency&quot;:&quot;xapads&quot;,&quot;clickid&quot;:&quot;6930ec3ba632020344f8dafa&quot;,&quot;af_sub6&quot;:&quot;320x50&quot;,&quot;af_sub1&quot;:&quot;2323&quot;,&quot;cost_cents_USD&quot;:&quot;0&quot;,&quot;af_sub5&quot;:&quot;2323&quot;,&quot;af_sub4&quot;:&quot;22273&quot;,&quot;af_sub3&quot;:&quot;com.hypercarrot.giantrush&quot;,&quot;af_sub2&quot;:null,&quot;esp_name&quot;:null,&quot;adgroup&quot;:null}</string>
</map>
