<?xml version='1.0' encoding='utf-8' standalone='yes' ?>
<map>
    <string name="prev_event_name">home_page_seen</string>
    <int name="AF_CACHE_VERSION" value="2" />
    <boolean name="didSendRevenueTriggerOnLastBackground" value="false" />
    <long name="prev_event_timestamp" value="1764520255814" />
    <int name="appsFlyerInAppEventCount" value="18" />
    <long name="prev_session_dur" value="54" />
    <boolean name="ddl_sent" value="true" />
    <long name="af_rc_max_age" value="86400" />
    <string name="sentSuccessfully">true</string>
    <int name="versionCode" value="36" />
    <string name="af_remote_config">eyJmZWF0dXJlcyI6e30sInZlciI6ImRlZmF1bHQudjEuMTYzNzE0OTUyOSJ9</string>
    <string name="savedProperties">{&quot;logLevel&quot;:&quot;0&quot;}</string>
    <string name="AF_INSTALLATION">1764516052567-2181400762597598897</string>
    <boolean name="afUninstallToken_queued" value="false" />
    <int name="appsFlyerCount" value="2" />
    <long name="AppsFlyerTimePassedSincePrevLaunch" value="1764520254519" />
    <boolean name="newGPReferrerSent" value="true" />
    <long name="af_rc_timestamp" value="1764516053092" />
    <string name="appsFlyerFirstInstall">2025-11-30_205052+0530</string>
    <string name="attributionId">{&quot;engmnt_source&quot;:null,&quot;is_incentivized&quot;:&quot;false&quot;,&quot;af_ip&quot;:&quot;152.59.163.115&quot;,&quot;orig_cost&quot;:&quot;0.0&quot;,&quot;is_first_launch&quot;:false,&quot;af_click_lookback&quot;:&quot;7d&quot;,&quot;click_time&quot;:&quot;2025-11-30 09:07:52.608&quot;,&quot;is_branded_link&quot;:null,&quot;campaign_id&quot;:null,&quot;install_time&quot;:&quot;2025-11-30 15:20:55.780&quot;,&quot;media_source&quot;:&quot;ytgads4g_int&quot;,&quot;idfa&quot;:&quot;b23188a2-001a-4eed-832a-c3e5f43e752e&quot;,&quot;advertising_id&quot;:&quot;b23188a2-001a-4eed-832a-c3e5f43e752e&quot;,&quot;af_siteid&quot;:&quot;6muil_tgzjg8&quot;,&quot;af_status&quot;:&quot;Non-organic&quot;,&quot;af_os_version&quot;:&quot;15&quot;,&quot;af_ad_id&quot;:&quot;{ad_id}&quot;,&quot;signature_v2&quot;:&quot;WQd-peISHDr1iQi0cdkTSfXz50OkqGeZCscYgGlyehs&quot;,&quot;af_sub_siteid&quot;:&quot;{sub_site_id}&quot;,&quot;adset_id&quot;:null,&quot;http_referrer&quot;:null,&quot;campaign&quot;:&quot;storytv_anymind&quot;,&quot;is_universal_link&quot;:null,&quot;is_retargeting&quot;:&quot;false&quot;,&quot;redirect_response_data&quot;:null,&quot;expires&quot;:&quot;1764494270&quot;,&quot;adgroup_id&quot;:null,&quot;af_adset_id&quot;:&quot;339926&quot;,&quot;af_ad_type&quot;:&quot;{ad_type}&quot;,&quot;retargeting_conversion_type&quot;:&quot;none&quot;,&quot;af_prt&quot;:&quot;anyminddirin942&quot;,&quot;CB_preload_equal_priority_enabled&quot;:false,&quot;af_model&quot;:&quot;V2513 Build\/AP3A.240905.015.A2_V000L1; wv&quot;,&quot;af_cpi&quot;:null,&quot;iscache&quot;:true,&quot;adset&quot;:null,&quot;match_type&quot;:&quot;id_matching&quot;,&quot;af_pmod_lookback_window&quot;:&quot;15m&quot;,&quot;redirect&quot;:&quot;false&quot;,&quot;af_ua&quot;:&quot;Mozilla\/5.0 (Linux; Android 15; V2513 Build\/AP3A.240905.015.A2_V000L1; wv) AppleWebKit\/537.36 (KHTML, like Gecko) Version\/4.0 Chrome\/142.0.7444.102 Mobile Safari\/537.36&quot;,&quot;agency&quot;:&quot;anyminddirin942&quot;,&quot;clickid&quot;:&quot;n8FDf5QjM1cTNzkDN0YzNxQzNzATM1MTO0QjN3EDRBxnM8hHbh5Wa29GbwBXYtQERZ1CczRGf2ITO5MzM&quot;,&quot;af_sub1&quot;:null,&quot;cost_cents_USD&quot;:&quot;0&quot;,&quot;af_sub5&quot;:null,&quot;af_sub4&quot;:null,&quot;af_adset&quot;:&quot;{adset}&quot;,&quot;af_sub3&quot;:null,&quot;af_sub2&quot;:null,&quot;esp_name&quot;:null,&quot;af_ad&quot;:&quot;{ad}&quot;,&quot;adgroup&quot;:null}</string>
</map>
