{"Fid":"eR3o_NOnTPe-avJHSUAF6d","Status":3,"AuthToken":"eyJhbGciOiJFUzI1NiIsInR5cCI6IkpXVCJ9.eyJhcHBJZCI6IjE6NzMyNTY1OTIwMjU5OmFuZHJvaWQ6ZjZlNThhYjBlZDIwYzNjZCIsImV4cCI6MTc2NDY0Mzc2MSwiZmlkIjoiZVIzb19OT25UUGUtYXZKSFNVQUY2ZCIsInByb2plY3ROdW1iZXIiOjczMjU2NTkyMDI1OX0.AB2LPV8wRQIgHQY_aahX4fGRlpld6Q-NxONo1zyrVSdPuqPIWmesvdcCIQClTvQWuqQq2n-Y7SGtr0-aUPnBieEOflsxG4WHi5R11w","RefreshToken":"3_AS3qfwJg-mmtzNq-EweC1xzkwiS8UvWOWhtFOf35s0_W1P47KC1Eyl_Gz__Z58dLEPMWOZlm2voIspU0pDYfwnnY7Jxl9MYx2XupTfjK9drHTvg","TokenCreationEpochInSecs":1764038961,"ExpiresInSecs":604800}