<?xml version='1.0' encoding='utf-8' standalone='yes' ?>
<map>
    <boolean name="bg_startup_tracing" value="false" />
    <long name="com.facebook.appevents.SessionInfo.sessionStartTime" value="1763636185021" />
    <long name="com.facebook.appevents.SessionInfo.sessionEndTime" value="1763636185021" />
    <string name="com.facebook.appevents.UserDataStore.internalUserData">{&quot;r2&quot;:&quot;16a55b8fb60beb4ed4d830532a3c678c6bfffbf9a4fdf23abbc35e81185a3e87&quot;}</string>
    <int name="com.facebook.appevents.SessionInfo.interruptionCount" value="0" />
    <string name="com.facebook.appevents.SessionInfo.sessionId">e79b167b-1706-4535-a3cd-7aca5537e7f3</string>
</map>
