<?xml version='1.0' encoding='utf-8' standalone='yes' ?>
<map>
    <string name="realme/RMX3660/RE588BL1:14/UKQ1.230924.001/T.R4T2.1927be9-3bb5_697a2:user/release-keys;1.12.87">1b0ad55852eac1c6bdde1f3a25d9edef</string>
    <string name="deviceIdHash">5870df29-cd16-479b-ae7c-f365773b076d</string>
    <string name="LAST_SAVED_LOCALE">en_US</string>
    <string name="Android/graceltexx/gracelte:9/PQ3A.190705.09121607/G9700FXXU1APFO:user/release-keys;1.12.87">c1f186b683292652143666b0f04e4cf6</string>
    <int name="AppMinSdkVersion" value="24" />
</map>
