<?xml version='1.0' encoding='utf-8' standalone='yes' ?>
<map>
    <long name="com.secretmod.appcloner.classes.cloneTimestamp" value="1758453018068" />
    <int name="com.secretmod.appcloner.classes.originalInstallVersionCode" value="382000547" />
    <long name="com.amazon.communication.remotesetting.pref.LAST_SUCCESSFUL_SYNC" value="1763635666132" />
    <string name="PN_customer_vcr">TH</string>
    <boolean name="firstAppStartWithUser" value="false" />
    <boolean name="shouldDownloadToSDCard" value="false" />
    <string name="PN_subscription_prefs">[{&quot;topic&quot;:&quot;AIV_video_in_library&quot;,&quot;isSubscribed&quot;:true},{&quot;topic&quot;:&quot;AIV_video_recommendations&quot;,&quot;isSubscribed&quot;:true},{&quot;topic&quot;:&quot;AIV_new_feature&quot;,&quot;isSubscribed&quot;:true},{&quot;topic&quot;:&quot;AIV_offer&quot;,&quot;isSubscribed&quot;:true}]</string>
    <boolean name="firstAppStartWithoutUser" value="false" />
    <long name="com.amazon.communication.remotesetting.pref.LAST_SYNC_ATTEMPT" value="1763635666132" />
    <string name="PN_customer_id">amzn1.account.AEHNR6CX4NVP2KFQTUVFCUI7P6UQ</string>
    <boolean name="shouldSubscribeToAllTopics" value="false" />
</map>
