<?xml version='1.0' encoding='utf-8' standalone='yes' ?>
<map>
    <string name="PN_registration_id">dWhis168Q86gbkAbuNhmqo:APA91bEM10CBZ5Rt4eHGz3TzyFBwFjjxYfJsiDGtW7r14AWBNNicXYUNrqB5h67b3XjOiV98floMJuuQRzo0huuh95sBtr-z5JimSFdID_4qnMSDFeCDQ28</string>
    <boolean name="isHfrSupported_Cache" value="false" />
    <string name="mostRecentlySeenMarketplaceId">A15PK738MTQHSO</string>
    <string name="mostRecentlySeenVcrPivot">ROW-FE:AWAY</string>
    <boolean name="isReferrerValueSet" value="true" />
    <string name="PN_OS_version">9</string>
    <string name="playbackSupportInfo_Cache">SUPPORTED_HARDWARE</string>
    <string name="deviceVideoCodecOverride_Cache">H264</string>
    <int name="SearchResultNumOfImagesAboveTheFold" value="6" />
    <boolean name="hasWANSupportBeenDetected" value="true" />
    <boolean name="activityCrash_LastCrashingIsInForeground" value="false" />
    <string name="activityCrash_LastThrowableStackTrace"></string>
    <string name="PN_app_version">Premium</string>
    <boolean name="activityCrash_HasANRToReport" value="false" />
    <boolean name="PN_registered_successfully_with_MPRS" value="true" />
    <string name="PN_OS_notification_state">ACTIVE</string>
    <int name="PN_sequence_number_int" value="3" />
    <boolean name="isHdrSupported_Cache" value="false" />
    <string name="activityCrash_LastThrowableMessage"></string>
    <boolean name="isUhdSupported_Cache" value="false" />
    <string name="activityCrash_LastOwner">CLIENT</string>
    <boolean name="EventSync_shouldForceProcess" value="false" />
    <string name="PN_application_install_id">EU:amazonaiv:28dca5e7-fb30-4801-82fe-279655e991b2</string>
    <string name="activityCrash_LastANRStackTrace"></string>
    <boolean name="isDolyDigitalPlusSupported_Cache" value="false" />
    <string name="activityCrash_LastThrowableCause"></string>
    <boolean name="isHevcSupported_Cache" value="false" />
    <string name="activityCrash_LastANREventSubtype"></string>
    <boolean name="isPlaybackSupportCached" value="true" />
    <string name="deviceBitrateAdaptationsOverride_Cache">CBR;CVBR</string>
    <string name="playStoreInstallReferrer">utm_source=google-play&amp;utm_medium=organic</string>
    <boolean name="isHdSupported_Cache" value="false" />
    <boolean name="activityCrash_HasCrashToReport" value="false" />
</map>
