<?xml version='1.0' encoding='utf-8' standalone='yes' ?>
<map>
    <long name="com.facebook.appevents.SessionInfo.sessionStartTime" value="1759672992805" />
    <long name="com.facebook.appevents.SessionInfo.sessionEndTime" value="1759672992805" />
    <boolean name="bg_startup_tracing" value="false" />
    <int name="com.encdata.Teamxpros.classes.originalInstallVersionCode" value="240011251" />
    <int name="com.facebook.appevents.SessionInfo.interruptionCount" value="0" />
    <long name="com.encdata.Teamxpros.classes.cloneTimestamp" value="1742657982366" />
    <string name="com.facebook.appevents.SessionInfo.sessionId">f0447f94-c1e9-4d60-934c-53e34c0438ca</string>
</map>
