<?xml version='1.0' encoding='utf-8' standalone='yes' ?>
<map>
    <set name="fire-cls/18.4.1 fire-analytics/21.3.0 fire-analytics-ktx/21.3.0 fire-fcm/23.2.1 kotlin/2.0.0 fire-android/28 fire-sessions/1.0.2 fire-abt/21.1.1 fire-core/20.3.3 fire-cls-ndk/18.4.1 fire-perf-ktx/unspecified device-model/gracelte fire-fst-ktx/unspecified android-min-sdk/21 android-platform/ fire-transport/18.1.8 device-name/GFE4J fire-perf/20.4.1 fire-core-ktx/unspecified fire-fst/24.7.1 device-brand/Google_Phone fire-db-ktx/unspecified fire-fcm-ktx/unspecified android-installer/com.android.vending fire-installations/17.1.4 fire-rtdb/20.2.2 fire-rc/21.4.1 android-target-sdk/25">
        <string>2025-11-21</string>
    </set>
    <string name="last-used-date">2025-11-21</string>
    <long name="fire-count" value="1" />
    <long name="fire-global" value="1763753423493" />
</map>
