{"Fid":"dWhis168Q86gbkAbuNhmqo","Status":3,"AuthToken":"eyJhbGciOiJFUzI1NiIsInR5cCI6IkpXVCJ9.eyJhcHBJZCI6IjE6MzU0ODAwNjQ1MzI5OmFuZHJvaWQ6NGM2NjY0NGY4NDc1MTUwYiIsImV4cCI6MTc2NDI0MDQ1MywiZmlkIjoiZFdoaXMxNjhRODZnYmtBYnVOaG1xbyIsInByb2plY3ROdW1iZXIiOjM1NDgwMDY0NTMyOX0.AB2LPV8wRQIgMIZ0QAZ7Y9prWcZkWo_fExNRd5K2RtgxiQGr_VStuCoCIQD6HzbIboOCbVYFTIPSUPJq90l2AsNdeMUzBVCgQkDhvA","RefreshToken":"3_AS3qfwLi6c7LgRyd70alDYjIM-hriTYj69HFC7Q34LZqFYUYS2zU0OjKD_NJDWsD4HclFctFUUhcWROzum3ZB_162dWktCbFxTPrwSIjWuLksM4","TokenCreationEpochInSecs":1763635653,"ExpiresInSecs":604800}