{"Fid":"cuxOLULQQcKYC-m4tl0ms6","Status":3,"AuthToken":"eyJhbGciOiJFUzI1NiIsInR5cCI6IkpXVCJ9.eyJhcHBJZCI6IjE6MTAyMzEzMzcyODg5NDphbmRyb2lkOmYyNWE2NzFmNTE5NGUxZDYxOGQ4MmYiLCJleHAiOjE3NjUxMjA4NTMsImZpZCI6ImN1eE9MVUxRUWNLWUMtbTR0bDBtczYiLCJwcm9qZWN0TnVtYmVyIjoxMDIzMTMzNzI4ODk0fQ.AB2LPV8wRQIgGEHp_uRuC2zCouPAup5z3QKott0G7H5s-wydy7c4IeUCIQDcFTdXHLJ9XI_1uMpZq3ffjqPGZnIcThMeB7QWrYHw5w","RefreshToken":"3_AS3qfwJKAqVjaNo7KEHDBIT2jiOHg9c5Cj7pV_yJ0PF7BU7CinY0Jy33E2N_E_8AKEB-_cfzPonZf9zabM4sQWggIOI5Abp7a6bv32yx2cwt2DI","TokenCreationEpochInSecs":1764516054,"ExpiresInSecs":604800}