{"Fid":"frXjY6GOQFeEvHz3dGxEJl","Status":3,"AuthToken":"eyJhbGciOiJFUzI1NiIsInR5cCI6IkpXVCJ9.eyJhcHBJZCI6IjE6MTAyMzEzMzcyODg5NDphbmRyb2lkOmYyNWE2NzFmNTE5NGUxZDYxOGQ4MmYiLCJleHAiOjE3NjU0MTg2OTQsImZpZCI6ImZyWGpZNkdPUUZlRXZIejNkR3hFSmwiLCJwcm9qZWN0TnVtYmVyIjoxMDIzMTMzNzI4ODk0fQ.AB2LPV8wRQIgUSGQgBtk5Gze4zDgtRfD41R-L10MEqQeAY3Umt18XIcCIQCK5zVWxmek7qiXRL3mIAEnQoHs58IuGZ0I6qz43jjF8A","RefreshToken":"3_AS3qfwIRMjIRl0wueF6NO6ZN5AwmxgPwRDZMReIft00jyVnHfXcKygUEFZzXwpLhkGpkA8tQRAHXtpPmOLfCv0nHKMi03jtXETbnf4JyAf2Grtk","TokenCreationEpochInSecs":1764813894,"ExpiresInSecs":604800}