{"accessibleDataDirectory":false,"activityMonitor":false,"activityTransitions":"NO_CHANGE","adaptiveIconsSupport":false,"addActivities":["com.applisto.appcloner.classes.DefaultProvider$DefaultActivity"],"addLauncherIconShortcutClearCache":false,"addLauncherIconShortcutDeleteAppData":false,"addLauncherIconShortcutDeleteAppDataAndRestart":false,"addLauncherIconShortcutKillApp":false,"addLauncherIconShortcutNewIdentityAndRestart":false,"addLauncherIconShortcutUninstall":false,"addLauncherIcons":{},"addPadding":{"backgroundColor":0,"bottomPadding":0,"enabled":false,"leftPadding":0,"rightPadding":0,"setValuesIndividually":false,"topPadding":0},"addPermissions":["android.permission.READ_EXTERNAL_STORAGE","android.permission.WRITE_EXTERNAL_STORAGE","com.google.android.providers.gsf.permission.READ_GSERVICES","android.permission.MANAGE_EXTERNAL_STORAGE"],"addProviders":[],"addReceivers":[],"addServices":[],"addSnow":false,"allowBackup":"NO_CHANGE","allowDarkMode":"NO_CHANGE","allowInMultiAccountApps":true,"allowNotificationsWhenRunning":false,"allowScreenshots":true,"allowSharingImages":false,"allowSharingImagesFormat":"JPEG","allowTextSelection":false,"alternativeBackKeyDetectionMethod":false,"alwaysAllowCopyPaste":false,"androidVersionRelease":"11","apkCheckWorkaround":false,"appDataExportImport":true,"appPasswordAskOnlyOnce":false,"appPasswordUseHashing":false,"appPatternSize":3,"appTranslator":false,"appValidFrom":0,"appValidUntil":0,"architectureArm":true,"architectureArm32":true,"architectureArm64":true,"architectureX86":true,"architectureX8632":true,"architectureX8664":true,"audioPlaybackCapture":"ALLOW","autoIncognitoMode":false,"autoPressButtons":[],"autoPressButtonsEnablePlaceholders":false,"autoPressButtonsInBackground":false,"autoPressButtonsPerformTouchClicks":false,"autoRemoveFromRecents":false,"autoScroller":false,"autoScrollerCustomSpeed":50,"autoStart":"NO_CHANGE","autoStartProfiling":false,"backAlwaysFinishes":false,"badge":"","badgeAlignment":"TOP","badgeBackgroundColor":-460552,"badgeBorderColor":-11184811,"badgeImage":false,"badgeTextColor":-11184811,"batchAppendCloneNumber":false,"batchChangeIconHue":false,"batchSetBadge":false,"batchUseCloneIndex":false,"blockActivitiesNames":["com.sonyliv.ui.device.auth.ScanQR","com.sonyliv.ui.device.auth.DeviceAuthenticationActivity"],"blockActivitiesPreventFinishingActivities":false,"blockAllNotifications":false,"blockAllToasts":false,"blockByDefault":false,"blockByDefaultShowNotification":false,"blurImageViewsMode":"TAP","blurImageViewsStrength":"DISABLED","bringAppToFrontNotification":false,"buildPropsDeviceName":"","bundleAppData":false,"bundleAppDataEncryptCertificate":false,"bundleAppDataPassword":"99","bundleFilesDirectories":[],"bundleInternalFilesDirectories":[],"bundleOriginalApp":false,"changeAdvertisingIdentifiers":"RANDOM","changeAmazonAdvertisingId":"NO_CHANGE","changeAndroidId":"RANDOM","changeAndroidSerial":"NO_CHANGE","changeAppReferences":[],"changeBluetoothMacAddress":"NO_CHANGE","changeDefaultFont":false,"changeFacebookAttributionId":"NO_CHANGE","changeGoogleAdvertisingId":"NO_CHANGE","changeGoogleServiceFrameworkId":"RANDOM","changeHuaweiAdvertisingId":"NO_CHANGE","changeImei":"NO_CHANGE","changeImsi":"NO_CHANGE","changeLocale":"NO_CHANGE","changeWebViewUserAgent":"NO_CHANGE","changeWifiMacAddress":"NO_CHANGE","clearCacheOnExit":false,"clearCacheWhenNotUsed":false,"clearCacheWhenNotUsedTimeUnit":"DAYS","clearCacheWhenNotUsedValue":3,"clipboardTimeout":false,"cloneCheckWorkaround":false,"cloneNumber":-1,"cloneSwitcherDoubleSwipe":false,"cloneSwitcherNotification":false,"cloneSwitcherVolumeKeys":false,"cloningMode":"DEFAULT","colorFilterBlue":0,"colorFilterBrightness":0,"colorFilterContrast":0,"colorFilterGreen":0,"colorFilterHue":0,"colorFilterRed":0,"colorFilterSaturation":0,"completeActionUsing":false,"completeActionUsingActionFilter":[],"completeActionUsingDataFilter":[],"confirmExit":false,"copyTextFromTextViews":"DISABLED","copyTextWhileScrolling":false,"customBuildProps":[],"customCodeLanguage":"JAVA","customFeatures":[],"customInstallUpdateTime":0,"customPackageNameBasePackageName":false,"customPermissions":[],"customWebViewUserAgent":"Mozilla/5.0 (Linux; Android {system-property:ro.build.version.release}; {system-property:ro.product.model} Build/{system-property:ro.build.id};) AppleWebKit/537.36 (KHTML, like Gecko) Chrome/101.0.####.****** Mobile Safari/537.36","dataDirectoryFtpServer":false,"databaseEditor":false,"debugForceDeviceLock":false,"debugHttpAnalyzer":false,"debugLogGetPackageName":false,"debugUtils":false,"defaultNotificationLights":{"notificationLightsColor":"NO_CHANGE","notificationLightsPattern":"NO_CHANGE"},"delayHookingTrustManagers":true,"deleteFilesDirectoriesOnExit":[],"densityDpiScale":1.0,"devicesDatabaseFilters":[],"dexDumper":false,"disableAccessibilityAccess":false,"disableAccessibilityServices":false,"disableAccountsAccess":true,"disableAllNetworking":false,"disableAllNetworkingDisableDelay":0,"disableAllNetworkingEnableDelay":0,"disableAppDefaults":false,"disableAutoFill":false,"disableBackgroundNetworking":false,"disableCalendarAccess":false,"disableCallLogSmsAccess":true,"disableCameras":false,"disableChromeCustomTabs":false,"disableChromecastButton":true,"disableClearTextNetworking":false,"disableClipboardReadAccess":false,"disableClipboardWriteAccess":false,"disableContactsAccess":true,"disableDeviceAdmin":false,"disableFullscreenEditing":false,"disableHapticFeedback":false,"disableHardwareAcceleration":false,"disableInAppSearch":false,"disableLicenseValidation":false,"disableLogcatLogging":false,"disableMediaBrowserService":false,"disableMobileData":false,"disableNestedScrolling":false,"disableNetworkingWhenScreenOff":false,"disableNetworkingWithoutVpn":false,"disableNfcEvents":false,"disablePermissionPrompts":{},"disablePhotoMediaAccess":false,"disableRuntimeModdingOptions":true,"disableScreenOnOffEvents":false,"disableSensorsAccess":false,"disableShareActions":false,"disableSignatureVerification":false,"disableSmartLockLogin":false,"disableSpaceManagement":false,"disableStrictMode":false,"disableTextSelectionActions":false,"disableUsbAccessoryModeEvents":false,"disableUsbHostModeEvents":false,"disableWakeLocks":false,"disableWatchApp":false,"disableWidgets":false,"dnsOverHttps":"DISABLED","dnsOverHttpsCustomUrl":"https://doh.opendns.com/dns-query","dnsOverHttpsSilent":false,"doNotDisturb":false,"documentLaunchMode":false,"earlyHooks":false,"enableBatchCloning":false,"enableDisableNetworkingNotification":false,"enableTvVersion":false,"enableViews":"DISABLED","excludeFromRecents":false,"excludeStandardDirectories":false,"executeShellScriptEnablePlaceholders":false,"executeShellScriptShowOutputAsNotification":false,"exitAppIfPasswordIncorrect":true,"exitAppOnScreenOff":false,"exitAppOnScreenOffDelaySeconds":0,"exitAppWhenStorageUnmounted":false,"exitTimerAction":"DISABLED","exitTimerSeconds":10,"exitTimerWarning":false,"exitTimerWarningSeconds":5,"expansionFiles":"COPY_CLONING","facebookLoginBehavior":"WEB_ONLY","fakeCalculator":false,"fakeCamera":false,"fakeCameraAddPictureAttributes":false,"fakeCameraAlternativeMode":false,"fakeCameraAppSupport":false,"fakeCameraFlipHorizontally":false,"fakeCameraOpenStreamWorkaround":false,"fakeCameraRandomizePicture":false,"fakeCameraRandomizePictureStrength":25,"fakeCameraResizePicture":false,"fakeCameraRotation":"NO_CHANGE","fakeDateDay":0,"fakeDateIncrementDateByDays":1,"fakeDateIncrementDateOnExit":false,"fakeDateMonth":0,"fakeDateYear":0,"fakeWifiNetworks":[],"favoriteLocations":[],"favoriteLocationsShowDistance":false,"fileAccessMonitor":false,"fileUrlAssociations":[],"fileUrlAssociationsEnablePlaceholders":false,"filterDevicesDatabase":false,"fingerprintLongTapAction":"NONE","fingerprintTapAction":"NONE","flashlightWhileAppOpen":false,"flipIconHorizontally":false,"flipIconVertically":false,"flipScreenHorizontally":false,"flipScreenUsingNfcTag":false,"flipScreenUsingNotification":false,"flipScreenVertically":false,"floatingApp":false,"floatingAppIconSize":"MEDIUM","floatingAppLowerTargetSdk":false,"floatingAppNotchMargin":false,"floatingAppOpacity":1.0,"floatingBackButton":false,"floatingBackButtonColor":-7829368,"floatingBackButtonDoubleBackTap":false,"floatingBackButtonLongPressAction":"NONE","floatingBackButtonOpacity":0.5,"floatingBackButtonPositionPerScreen":false,"floatingBackButtonSize":"MEDIUM","flushLogcatBufferOnExit":false,"fontScale":1.0,"forceCloseOnExit":false,"forceRotationLockUsingOverlay":false,"fpsMonitor":false,"fpsMonitorColor":-7829368,"fpsMonitorHorizontalAlignment":"RIGHT","fpsMonitorOpacity":1.0,"fpsMonitorSize":"MEDIUM","fpsMonitorVerticalAlignment":"BOTTOM","freeFormWindow":false,"freezeFakeTime":true,"freezeTime":false,"fromCloneNumber":1,"geckoViewSupport":false,"generatedThemedIcon":false,"googlePlayServicesWorkaround":false,"gpsJoystick":false,"gpsJoystickColor":-7829368,"gpsJoystickHorizontalAlignment":"LEFT","gpsJoystickMaxSpeed":1.5,"gpsJoystickOpacity":1.0,"gpsJoystickSize":"MEDIUM","gpsJoystickVerticalAlignment":"BOTTOM","headphonesPluggedEventAction":"NONE","headphonesUnpluggedEventAction":"NONE","headsUpNotifications":"NO_CHANGE","hideAllInstalledApps":false,"hideAppCloner":false,"hideCaCerts":false,"hideClassList":[],"hideCpuInfo":true,"hideDeveloperMode":false,"hideDnsServers":true,"hideEmulator":false,"hideFromClonedApps":false,"hideGooglePlayServices":false,"hideGpuInfo":true,"hideLinkAddress":false,"hideMenuItemsStrings":[],"hideMobileHotspot":false,"hideMockLocation":false,"hideNotch":false,"hideOtherApps":["com.google.android.googlequicksearchbox","com.android.chrome"],"hideOtherAppsSubstrings":["com.google.ar.lens","com.android.hotwordenrollment.okgoogle"],"hidePasswordCharacters":false,"hidePowerSavingMode":false,"hideProxyConnection":true,"hideRoot":false,"hideScreenMirroring":true,"hideSimOperatorInfo":true,"hideViews":"DISABLED","hideVpnConnection":true,"hideWifiInfo":false,"hookFramework":"AUTO","hostMapperSilent":false,"hostsBlocker":false,"hostsBlockerAllowAllOtherHosts":false,"httpProxy":false,"httpProxyEnablePlaceholders":false,"httpProxyPort":8080,"iconEffect":"NONE","iconHue":180,"iconInvertColors":false,"iconLightness":0.0,"iconRotation":180,"iconSaturation":0.0,"ignoreCrashes":true,"ignoreCrashesAdvancedMode":false,"ignoreCrashesShowCrashMessages":false,"ignoreUpdates":false,"immersiveModeIgnoreNotch":false,"inAppLiveChat":false,"inAppLiveChatOpacity":1.0,"incognitoKeyboard":false,"incognitoMode":false,"installToSdCard":false,"interpretedMode":false,"invertColorsDarkMode":false,"invertColorsDarkModeEndTime":"07:00","invertColorsDarkModeExcludeWebViews":false,"invertColorsDarkModeSchedule":false,"invertColorsDarkModeStartTime":"21:00","invertToasts":false,"jobSchedulingMonitor":false,"jobSchedulingMultiplier":1.0,"joystickPointer":false,"joystickPointerAutoHide":false,"joystickPointerAutoScroll":false,"joystickPointerColor":-7829368,"joystickPointerOpacity":1.0,"joystickPointerScrollSpeed":1,"joystickPointerShowInitially":true,"joystickPointerSize":"MEDIUM","joystickPointerToggleLongPress":true,"keepAppLabel":false,"keepPlayingMedia":false,"keepScreenOn":false,"keyboardAdjust":"NO_CHANGE","keystrokeDynamicsAnonymization":false,"kioskMode":"DISABLED","language":"","largerAspectRatios":"NO_CHANGE","launchAppWhenStorageMounted":false,"launchQuickSettingsTile":false,"launchWithNfcTag":false,"launchWithUsbDeviceProductId":0,"launchWithUsbDeviceVendorId":0,"leanbackBannerImage":false,"leanbackLauncherSupport":true,"legacyElfProcessor":false,"lightStatusBar":"NO_CHANGE","localActivities":true,"localBroadcastsServices":true,"localOnlyNotifications":false,"locationListRandomLocation":false,"logcatViewer":false,"longPressBackAction":"NONE","longPressBackForOptionsMenu":false,"longPressTimeout":0,"longPressToRevealPassword":false,"longPressToTranslate":false,"longPressToTranslateMode":"REPLACE_TEXT","longPressToTranslateTargetLanguage":"en","lowMemoryMode":false,"makeAssistApp":false,"makeCameraApp":false,"makeDebuggable":false,"makeHomeApp":false,"makeTestOnly":false,"makeWatchApp":false,"makeWebViewsDebuggable":false,"manifestCompatibilityMode":false,"manifestEditor":false,"mappedColorResources":{},"mappedHosts":{},"mappedKeys":{},"markAsGame":false,"mergeCustomClassesDex":false,"mergeOriginalClassesDex":false,"minSdkVersion":0,"minimizeOnBack":"NO_CHANGE","mockEthernetConnection":"NO_CHANGE","mockMobileConnection":"NO_CHANGE","mockWifiConnection":"NO_CHANGE","multiWindow":false,"muteForTextOnScreen":[],"muteMic":false,"muteOnStart":false,"muteWhileInForeground":false,"namePlaceholders":false,"nativeMethodWorkaround":false,"navigationBarColorUseStatusBarColor":false,"newIdentity":false,"newIdentityAutomaticallyRestartApp":true,"newIdentityClearCache":false,"newIdentityDeleteAppData":false,"newIdentityForEachCloningProcess":false,"newIdentityPersistentNotification":false,"newIdentityShowNotification":true,"noBackgroundServices":false,"noKill":true,"noKillCrashWorkaround":false,"noKillCrashWorkaroundMethod":"NOP","noKillPreventFinishingActivities":false,"noRelayoutOnRotation":false,"normalAudioMode":false,"notificationCategories":[],"notificationColorUseStatusBarColor":false,"notificationDots":false,"notificationFilter":[],"notificationForOptionsMenu":false,"notificationPriority":"NO_CHANGE","notificationQuietTime":false,"notificationQuietTimeEnd":"07:00","notificationQuietTimeStart":"21:00","notificationSnoozeTimeout":0,"notificationSound":"NO_CHANGE","notificationTextReplacements":[],"notificationTimeout":0,"notificationTintStatusBarIcon":false,"notificationVibration":"NO_CHANGE","notificationVisibility":"NO_CHANGE","notificationsAddMuteBlockActions":false,"ongoingNotifications":"NO_CHANGE","optionalDependencies":false,"otpProtectApp":false,"overrideBindAddress":"NO_CHANGE","overrideSharedPreferences":[],"packageNameCheckWorkaround":false,"palmRejectionWidthPercentage":0,"panicModeAdbDebuggingEnabled":false,"panicModeMockLocationDetected":false,"panicModeRootDetected":false,"panicModeShowNotification":false,"panicModeUnauthorized":false,"panicModeUnauthorizedMaxAttempts":3,"panicModeUsbDeviceAttached":false,"passwordProtectApp":false,"patternLockApp":false,"penButtonPressedEventAction":"NONE","penDetachedEventAction":"NONE","penInsertedEventAction":"NONE","performGarbageCollectionInterval":60,"performGarbageCollectionPeriodically":false,"performGarbageCollectionSilently":false,"performGarbageCollectionWhenLeavingApp":false,"persistentApp":false,"persistentAppAccessibilityService":false,"persistentClipboard":false,"pictureInPictureKeyCode":0,"pictureInPictureLongPress":false,"pictureInPictureNotification":false,"pictureInPictureSupport":false,"playAssetDeliverySupport":false,"playAssetDeliverySupportSilent":false,"popupBlocker":false,"popupBlockerSilent":false,"powerConnectedEventAction":"NONE","powerDisconnectedEventAction":"NONE","powerEventsDockUndockEvents":false,"preserveExpansionFiles":false,"pressBackAgainToExit":false,"preventAccessibilityServiceDiscovery":false,"preventAppFromChangingVolume":false,"preventFloatingPopups":false,"preventFloatingPopupsAllowDialogs":false,"preventScreenRecordingDetection":false,"preventScreenshotDetection":false,"preventScreenshotDetectionAdvancedMode":false,"preventScreenshots":false,"privateClipboard":false,"processNameWorkaround":false,"promptKeepAppDataOnUninstall":false,"protectActivityNames":[],"provideBatchNames":false,"provideLocationList":false,"randomizeBatteryLevel":false,"randomizeBatteryLevelMax":100,"randomizeBatteryLevelMin":50,"randomizeBatteryTemp":false,"randomizeBatteryTempMax":40,"randomizeBatteryTempMin":20,"randomizeBuildProps":false,"randomizeBuildPropsDeviceNamePrefix":"My","randomizeDeviceUptime":false,"randomizeDrmIdentifiers":false,"randomizeInstallUpdateTime":false,"randomizeTotalFreeMemory":false,"randomizeTotalFreeStorage":false,"randomizeUserCreationTime":false,"redirectExternalStorage":false,"removeLauncherIcon":false,"removeLauncherIconAndroidTv":false,"removeLauncherIconProtectFromShortcutMakers":false,"removeLauncherIconShortcuts":false,"removeNotificationActions":false,"removeNotificationIcon":false,"removeNotificationPeople":false,"removePermissions":[],"replaceAppClonerNotificationIcon":false,"replaceLauncherIcon":false,"replaceLauncherIconKeepImageSize":false,"replaceNotificationIcon":false,"requestAllFilesAccessPermission":false,"requestAllPermissions":false,"requestIgnoreBatteryOptimizations":false,"restoreAppDataOnEveryStart":true,"restoreAutoRotateOnExit":false,"restoreAutoRotateOnPause":false,"restoreBluetoothStateOnExit":false,"restoreBluetoothStateOnPause":false,"restoreBrightnessOnExit":false,"restoreDoNotDisturbOnExit":false,"restoreDoNotDisturbOnPause":false,"restoreWifiStateOnExit":false,"restoreWifiStateOnPause":false,"returnOriginalPackageNameStacktraceStrings":[],"rotationLock":"NONE","rtlSupport":"NO_CHANGE","safeMode":true,"sameSettingsAndroidSerial":true,"sameSettingsImsi":true,"samsungDexSupport":false,"saveImagesToGallery":false,"saveImagesToGalleryMaxHeight":0,"saveImagesToGalleryMaxWidth":0,"saveImagesToGalleryScaleType":"CENTER_CROP","scanditLicenseKey":"DISABLED","screenSaverDelayMinutes":0,"screenSaverExitApp":false,"screenSaverMuteVolume":false,"screenTextReplacements":[],"scrollWithKeyboard":{"enabled":false,"scrollDownKeyCode":"NUMPAD_2","scrollLeftKeyCode":"NUMPAD_4","scrollRightKeyCode":"NUMPAD_6","scrollSpeed":1,"scrollUpKeyCode":"NUMPAD_8"},"securelyDeleteFilesDirectoriesOnExit":false,"selectAllOnFocus":false,"setClipboardDataOnStart":false,"setClipboardDataOnceOnly":false,"setVolumeOnStart":false,"setVolumeOnStartMaxVolume":15,"setVolumeOnStartMinVolume":10,"setVolumeOnStartRandomRange":false,"setVolumeOnStartVolume":10,"shakeAction":"NONE","shakeSensitivity":"NORMAL","showAppInfoNotification":false,"showInPowerMenu":false,"showIpInfo":false,"showMemoryInfo":false,"showNotificationTime":false,"showOnLockScreen":false,"showOnSecondaryDisplay":false,"showOnSecondaryDisplayActivitiesNames":[],"showRoundTripTime":"DISABLED","showStreamVideoViewsOnTop":false,"showStreamVideoViewsOnTopImmersiveMode":false,"showStreamVideoViewsOnTopPreventFloatingPopups":false,"showStreamVideoViewsOnTopPreventHeadsUpNotifications":false,"showToastsAsNotifications":false,"showToastsAsNotificationsCopyText":false,"showTouches":false,"signAsSystemApp":false,"simpleNotifications":false,"singleNotificationGroup":false,"singleProcess":false,"skipAssetFiles":false,"skipDialogsMonitorStacktraces":false,"skipDialogsStacktraceStrings":[],"skipDialogsStrings":[],"skipNativeLibraries":false,"sneezeToExit":false,"sneezeToExitThreshold":50,"snowColor":-1,"snowCount":150,"snowCustomSymbols":"❉❇❈❊❅","snowFadeBegin":1.0,"snowFadeEnd":1.0,"snowOpacity":1.0,"snowSize":"MEDIUM","snowSpeed":"NORMAL","snowUseCustomSymbols":false,"socksProxy":false,"socksProxyApi":false,"socksProxyEnablePlaceholders":false,"socksProxyList":[],"socksProxyListRandomProxy":false,"socksProxyListShowProxySelectorNotification":false,"socksProxyPort":1080,"socksProxySilent":false,"splashScreen":false,"splashScreenBackgroundColor":-1,"splashScreenBackgroundOpacity":1.0,"splashScreenCenterCropImage":false,"splashScreenDuration":3,"splashScreenMargin":0.3,"spoofGpsTrackBounceMode":false,"spoofGpsTrackDuration":60.0,"spoofGpsTrackIndex":0,"spoofGpsTrackStartInPausedMode":false,"spoofGpsTrackUseElevationFromFile":false,"spoofGpsTracks":[],"spoofLocationApi":false,"spoofLocationCompatibilityMode":false,"spoofLocationInterval":10,"spoofLocationShareLocationReceiver":false,"spoofLocationShowSpoofLocationNotification":false,"spoofLocationSimulatePositionalUncertainty":false,"spoofLocationUseIpLocation":false,"spoofRandomLocation":false,"startForOutgoingCall":[],"startSound":false,"stealthMode":false,"stealthModeUseFingerprint":false,"stethoSupport":false,"stringsProperties":{"fake_camera_yuf_message":"This app expects a YUF image, which is not supported by %s.","favorite_locations_title":"Favorite locations","label_previous":"Previous","no_background_services_stopped_message":"Stopped %s background services.","disable_cameras_cameras_disabled_message":"Cameras disabled.","flip_icon_horizontally_label":"Flip horizontally","modify_views_title":"Modify views","deleted_securely_message":"Securely deleted: %s","app_is_valid_from_message":"This app is valid from %s.","show_round_trip_time_http_request_message":"HTTP request took %d ms.","complete_action_using_title":"Complete action using","label_uninstall":"Uninstall","web_view_url_data_monitor_notification_title_loaded_data":"WebView loaded data","legacy_options_menu_notification_message":"Tap to show options menu.","dex_dumper_dex_saved_title":"DEX saved","message_tap_to_start":"Tap to start.","flip_screen_notification_message":"Tap to flip screen.","block_activities_blocked_message":"Activity blocked","job_scheduling_notification_title":"Job scheduled","label_snooze":"Snooze","copy_text_while_scrolling_stop_capturing_notification_message":"Tap to stop capturing text.","dns_over_https_notification_error_message":"DNS lookup of %s failed.","label_select_language":"Select language","skip_dialogs_title":"Skip dialogs","disable_mobile_data_dialog_message":"Mobile data was enabled for %s.","show_ip_info_your_ip_error_message":"Failed to get IP address.","view_enabled_message":"View enabled.","popup_blocker_popup_blocked_message":"Tap to open the page at %s anyway.","play_asset_delivery_support_notification_message":"Please clone this game with Play Asset Delivery (PAD) support.","premium_subscription_required_message":"Premium subscription required.","job_scheduling_delay":"Delay: %d s","new_identity_title":"New identity","spoof_location_location_set_message":"Location set.","view_hidden_message":"View hidden.","label_copy_identifier":"Copy identifier","hosts_blocker_title":"Hosts blocker","pattern_lock_pattern_incorrect_message":"Pattern incorrect.","change_web_view_user_agent_title":"Change WebView User-Agent","message_pasted_message":"Message pasted.","otp_protect_app_message2":"Enter the code for %s from your authenticator app.","otp_protect_app_message1":"Scan this QR code using your authenticator app.","disable_cameras_touch_to_enable_message":"Touch to enable cameras.","disable_mobile_data_dialog_title":"Mobile data enabled","launched_app_message":"Launched %s","logcat_viewer_paused_message":"Paused.","clone_switcher_title":"Clone switcher","allow_text_selection_enabled_error_message":"Failed to enable text selection.","tap_grant_storage_permission_notification_message":"Tap to grant the storage permission.","show_stream_video_views_on_top_title":"Show stream / video views on top","spoof_location_failed_to_get_ip_location_message":"Failed to get IP location.","panic_mode_title":"Panic mode","picture_in_picture_support_start_notification_message":"Start picture-in-picture mode.","web_view_url_data_monitor_notification_title_loaded_data_with_base_url":"WebView loaded data with base URL","label_copy_text":"Copy text","auto_press_buttons_title":"Auto-press buttons","message_tap_to_stop":"Tap to stop.","fake_camera_rotate_right_label":"Rotate ↻","logcat_viewer_message":"Double-tap to pause. Long-tap to copy.","minimize_on_back_app_minimized_message":"App minimized.","exit_timer_show_warning_exit_singular_message":"The app will exit in %d second.","deleted_message":"Deleted: %s","mic_mute_error_message":"Failed to mute mic.","volume_control_indicator_toast_message":"Volume: %d","new_identity_and_restart_title":"New identity \u0026 restart","hosts_blocker_app_is_accessing_title":"%s is accessing","execute_shell_script_title":"Execute shell script","app_data_export_label":"Export app data","label_enable":"Enable","allow_sharing_images_sharing_title":"Share image","flush_logcat_buffer_flushed_message":"Logcat buffer flushed.","disable_all_networking_enabled_message":"Networking enabled.","data_directory_ftp_server_started_message":"FTP server started.","new_device_lock_message3":"This clone was created by a different App Cloner instance and cannot be used on this device.","new_device_lock_message4":"This clone was created using the premium version of App Cloner. Your premium subscription may have expired or the purchase was not restored correctly.","new_device_lock_message1":"Make sure that App Cloner is installed.","new_device_lock_message2":"Make sure you\u0027re using the latest version of App Cloner.","gps_joystick_change_alignment_label":"Change alignment","exit_timer_show_warning_exit_plural_message":"The app will exit in %d seconds.","exit_timer_title":"Exit timer","do_not_disturb_enable_access_message":"Please enable \u0027Do Not Disturb\u0027 access for %s.","spoof_location_disabled_message":"Spoof location is disabled.","allow_text_selection_disabled_message":"Text selection disabled.","label_resume":"Resume","mic_unmute_error_message":"Failed to unmute mic.","new_device_lock_message5":"Note that clones created with the Giant donation don\u0027t require App Cloner to be installed and they may also be installed on different devices.","label_block":"Block","new_identity_notification_message":"Tap to quit the app and generate a new identity.","app_data_import_label":"Import app data","show_ip_info_your_ip_message":"Your IP is %s","donation_medium_required_message":"Medium donation required.","user_agent_workaround_title":"User-Agent workaround","gps_joystick_temporarily_hidden_message":"GPS joystick temporarily hidden.","spoof_location_not_full_plus_code_message":"Coordinates can only be extracted from full Plus Codes.","clear_cache_title":"Clear cache","data_directory_ftp_server_started_error_message":"Failed to start FTP server.","options_incompatible_platform_title":"Incompatible platform","ignore_crashes_title":"Ignore crashes","directories_plural_other":"%d directories","label_dont_show_again":"Don\u0027t show again","files_plural_one":"%d file","block_activities_showing_message":"Showing activity","app_data_import_success_message":"Successfully imported app data.","mic_mute_success_message":"Mic muted.","force_close_on_exit_notification_message":"Force-closed %s","play_asset_delivery_download_error_message":"Play Asset Delivery (PAD) cannot download assets for clones. This game cannot be cloned.","auto_scroller_scrolling_stopped_message":"Scrolling stopped.","view_id_not_found_message":"View ID %s not found.","label_show_app_info":"Show app info","kiosk_mode_notification_message":"Touch to start kiosk mode.","new_device_lock_message1b":"Do not install the clone in a virtual environment or secondary workspace.\n\nPlease check that App Cloner is allowed to be opened in the background and is excluded from any battery optimizations.\n\nPlease open App Cloner first, then press Home and then open the clone.\n\nIf you have a rooted device make sure you do not have any apps installed that might prevent clones from accessing App Cloner.","gps_joystick_location_title":"GPS joystick location","spoof_gps_track_notification_title":"Spoofing GPS track %s","fake_camera_select_picture_message":"Touch to select picture.","delete_app_data_title":"Delete app data","label_next":"Next","label_stop_moving":"Stop moving","image_saved_to_gallery_error_message":"Failed to save image to gallery.","web_view_override_url_loading_title":"WebView override URL loading","spoof_gps_track_gpx_file_load_error_message":"Failed to load GPX file.","label_pause":"Pause","fake_time_time_set_notification_title":"Time was set","disable_mobile_data_notification_title":"Mobile data disabled","disable_mobile_data_notification_message":"Touch to enable mobile data for %s.","app_was_valid_until_message":"This app was valid until %s.","permission_not_granted_message":"Permission was not granted.","web_view_url_data_monitor_notification_title_loaded_url":"WebView loaded URL","common_google_play_services_notification_ticker":"Google Play services error","incognito_mode_notification_message":"Close incognito app.","native_libraries_message1b":"If the clone crashes try enabling \u0027%s\u0027.","disable_networking_without_vpn_disabled_message":"VPN inactive.\nNetworking disabled for %s.","files_plural_other":"%d files","directories_plural_one":"%d directory","image_saved_to_gallery_message":"Image saved to gallery.","translate_input_fields_notification_message":"Double-tap the input field to translate into %s.","label_allow":"Allow","label_speed":"Speed","database_editor_started_message":"Database editor started.","facebook_login_title":"Facebook login","confirm_exit_app_message":"Are you sure you want to exit %s?","label_mute":"Mute","label_restart":"Restart","mute_on_start_muted_error_message":"Failed to mute.","native_libraries_error_message":"Please try the option \u0027Skip native libraries\u0027, \u0027Increase compatibility\u0027 with \u0027Native method workaround\u0027 or use the manifest cloning mode.","remote_welcome_message_title":"Remote welcome message","app_data_import_error_message":"Failed to import app data.","freeze_time_unfreeze_notification_title":"Tap to unfreeze time.","dns_over_https_notification_message":"Resolved %1$s to %2$s.","bring_app_to_front_label":"Bring app to front","system_property_check_app_error_message":"This app is not allowed to run on this device.","mic_unmute_success_message":"Mic unmuted.","spoof_location_title":"Spoof location","perform_garbage_collection_notification_title":"Garbage Collection performed","allow_text_selection_enabled_message":"Text selection enabled. Double-tap to select.","popup_blocker_popup_blocked_title":"Popup blocked","label_ignore":"Ignore","app_data_export_success_message":"Successfully exported app data.","app_data_status_preparing_files":"Preparing files…","disable_cameras_cameras_enabled_message":"Cameras enabled.","hosts_blocker_touch_to_block_title":"Touch to block %s","gps_joystick_show_notification_message":"Tap to show GPS joystick.","socks_proxy_title":"SOCKS proxy","hosts_mapper_mapped_notification_title":"Host mapped","socks_proxy_list_select_proxy_notification_message":"Tap to select proxy.","label_name":"Name","allow_sharing_images_sharing_message":"Sharing image…","error_message_invalid_input":"Invalid input.","disable_chrome_custom_tabs_disabled_message":"Chrome Custom Tabs disabled.","mute_on_start_muted_message":"Muted.","message_host_not_reachable":"Host not reachable.","copy_text_while_scrolling_copied_characters_notification_message":"Copied %d characters.","failed_to_set_location_message":"Failed to set location.","app_cloner_not_found_message":"App Cloner is hidden or not installed.","mute_on_start_unmuted_error_message":"Failed to un-mute.","gps_joystick_location_copied_message":"Location copied.","hosts_mapper_not_mapped_notification_title":"Host not mapped","media_controller_script_title":"Media Controller script","execute_shell_script_execute_on_start_title":"Execute on start","welcome_message_title":"Welcome message","disable_all_networking_disabled_message":"Networking disabled.","fake_date_increment_notification_message":"Incremented date to %s.","database_editor_started_error_message":"Failed to start database editor.","cache_cleared_message":"The cache was cleared.","socks_proxy_list_next_proxy_notification_label":"Next proxy","joystick_pointer_shown_message":"Joystick pointer shown.","options_incompatible_android_version_title":"Incompatible Android version","favorite_locations_select_favorite_location_notification_message":"Tap to select favorite location.","action_kill_app":"Kill app","show_round_trip_time_ping_request_message":"Ping request took %d ms.","job_scheduling_interval":"Interval: %d s","hosts_blocker_host_blocked_message":"Host %s blocked.","copy_text_while_scrolling_start_capturing_notification_message":"Tap to start capturing text.","message_copied_message":"Message copied.","disable_networking_without_vpn_enabled_message":"VPN active.\nNetworking enabled for %s.","clipboard_timeout_cleared_message":"Clipboard cleared.","app_cloner_connection_failed_message":"Failed to connect to App Cloner.","floating_app_long_press_exit_message":"Long-press to exit %s.","label_disable":"Disable","press_back_again_to_exit_toast_message":"Press Back again to exit the app.","delete_app_data_and_restart_title":"Delete app data \u0026 restart","fake_camera_use_picture_message":"Tap the shutter button to use the selected picture.","app_is_valid_until_message":"This app is valid until %s.","logcat_viewer_resumed_message":"Resumed.","floating_app_restore_notification_title":"Restore floating app","check_internet_connection_message":"Please check your internet connection.","fake_camera_rotate_left_label":"Rotate ↺","freeze_time_freeze_notification_title":"Tap to freeze time.","label_message":"Message","joystick_pointer_hidden_message":"Joystick pointer hidden.","tap_to_copy_text_label":"Tap to copy text","failed_to_launch_app_message":"Failed to launch app.","exit_timer_show_warning_keep_open_label":"Keep open","allow_sharing_images_sharing_error_message":"Failed to share image.","common_google_play_services_install_title":"Get Google Play services","execute_shell_script_execute_on_exit_title":"Execute on exit","copy_text_while_scrolling_captured_characters_notification_message":"Captured %d characters.","app_data_export_error_message":"Failed to export app data.","message_url_not_reachable":"URL not reachable.","please_enable_option_message":"Please enable the option \u0027%s\u0027.","login_behavior_web_view_label":"Via embedded WebView","app_data_status_importing_files":"Importing files…","label_show_all":"Show all","spoof_location_failed_to_extract_location_message":"Failed to extract location.","gps_joystick_copy_location_label":"Copy location","dex_dumper_dex_not_saved_title":"DEX not saved","text_copied_message":"Text copied.","disable_share_actions_disabled_message":"Share actions disabled.","show_round_trip_time_http_request_status_message":"HTTP status %d.","fake_camera_title":"Fake camera","title_enter_password":"Enter password","job_scheduling_blocked_notification_title":"Job scheduling blocked","toast_prefix_title":"Toast prefix","mute_on_start_unmuted_message":"Un-muted.","app_data_status_exporting_files":"Exporting files…"},"swipeToGoBack":false,"swipeToGoBackBorder":"LEFT","swipeToGoBackDirection":"RIGHT","swipeToGoBackDoubleBack":false,"systemPropertyCheckList":[],"targetSdkVersion":0,"taskerStartTaskName":"","taskerStopTaskName":"","tiltText":0,"toCloneNumber":1,"toastDuration":"NO_CHANGE","toastFilter":[],"toastHorizontalAlignment":"CENTER","toastOpacity":1.0,"toastPosition":false,"toastPrefixEnablePlaceholders":false,"toastVerticalAlignment":"BOTTOM","toolbarColorUseStatusBarColor":false,"translateInputFields":false,"translateInputFieldsLanguages":[],"transparentNavigationBar":false,"trustAllCertificates":true,"twitterLoginBehavior":"WEB_ONLY","useSocksVpnService":false,"userAgentWorkaround":false,"userAgentWorkaroundSilent":false,"versionCode":0,"viewModifications":[{"append":false,"backgroundColor":0,"editorAction":"NONE","enablePlaceholders":false,"filterByViewPosition":false,"highlightColor":-256,"imageColor":-16776961,"modification":"HIDE","modifyParentChild":"NONE","modifySibling":"NONE","modifyUnit":"PX","move":[0.0,0.0],"notificationText":"{text}","opacity":1.0,"parentChildIndex":1,"regExp":true,"ruleEnabled":true,"ruleName":"report_issue_parent_layout","search":"report_issue_parent_layout","searchBy":"VIEW_IDENTIFIER","setMargin":[0.0,0.0,0.0,0.0],"setPadding":[0.0,0.0,0.0,0.0],"siblingIndex":1,"targetLanguage":"en","textColor":-65536,"textMarquee":false,"textMaxLines":5,"textMinLines":3,"textSize":20,"unit":"PX"},{"append":false,"backgroundColor":0,"editorAction":"NONE","enablePlaceholders":false,"filterByViewPosition":false,"highlightColor":-256,"imageColor":-16776961,"modification":"HIDE","modifyParentChild":"NONE","modifySibling":"NONE","modifyUnit":"PX","move":[0.0,0.0],"notificationText":"{text}","opacity":1.0,"parentChildIndex":1,"regExp":true,"ruleEnabled":true,"ruleName":"lt_user_multi_profile","search":"lt_user_multi_profile","searchBy":"VIEW_IDENTIFIER","setMargin":[0.0,0.0,0.0,0.0],"setPadding":[0.0,0.0,0.0,0.0],"siblingIndex":1,"targetLanguage":"en","textColor":-65536,"textMarquee":false,"textMaxLines":5,"textMinLines":3,"textSize":20,"unit":"PX"},{"append":false,"backgroundColor":0,"editorAction":"NONE","enablePlaceholders":false,"filterByViewPosition":false,"highlightColor":-256,"imageColor":-16776961,"modification":"HIDE","modifyParentChild":"NONE","modifySibling":"NONE","modifyUnit":"PX","move":[0.0,0.0],"notificationText":"{text}","opacity":1.0,"parentChildIndex":1,"regExp":false,"ruleEnabled":true,"ruleName":"recycler_view_menu_options","search":"recycler_view_menu_options","searchBy":"VIEW_IDENTIFIER","setMargin":[0.0,0.0,0.0,0.0],"setPadding":[0.0,0.0,0.0,0.0],"siblingIndex":1,"targetLanguage":"en","textColor":-65536,"textMarquee":false,"textMaxLines":5,"textMinLines":3,"textSize":20,"unit":"PX"},{"append":false,"backgroundColor":0,"editorAction":"NONE","enablePlaceholders":false,"filterByViewPosition":false,"highlightColor":-256,"imageColor":-16776961,"modification":"HIDE","modifyParentChild":"NONE","modifySibling":"NONE","modifyUnit":"PX","move":[0.0,0.0],"notificationText":"{text}","opacity":1.0,"parentChildIndex":1,"regExp":true,"ruleEnabled":true,"ruleName":"relativeLayout12","search":"relativeLayout12","searchBy":"VIEW_IDENTIFIER","setMargin":[0.0,0.0,0.0,0.0],"setPadding":[0.0,0.0,0.0,0.0],"siblingIndex":1,"targetLanguage":"en","textColor":-65536,"textMarquee":false,"textMaxLines":5,"textMinLines":3,"textSize":20,"unit":"PX"}],"volumeControlIndicator":"NO_CHANGE","volumeControlIndicatorStep":1,"volumeDownKeyAction":"NONE","volumeRockerLocker":"NONE","volumeUpDownKeyAction":"NONE","volumeUpKeyAction":"NONE","waitForDebugger":false,"webViewOverrideUrlLoadingList":[],"webViewTextZoom":1.0,"webViewUrlDataFilterList":[],"webViewUrlDataMonitor":false,"webViewUrlDataMonitorShowJavaScriptUrls":false,"webViewUrlDataMonitorShowOverrideUrlLoading":false,"welcomeMessageDelay":2000,"welcomeMessageEnablePlaceholders":true,"welcomeMessageHtml":"","welcomeMessageMode":"DIALOG","welcomeMessageShowDialogAlways":true,"welcomePopupImage":false,"welcomePopupImageDuration":3.0,"welcomePopupImageWidth":0.8,"wideColorGamut":false,"xmlResourceEditor":false,"zoomableImageViews":false,"zoomableImageViewsExcludeClickableViews":false,"zoomableImageViewsLongPressToEnable":false,"zoomableImageViewsMaxScale":3.0}