{"Fid":"cEOKSCD0RBOYAZuXrRIs5Q","Status":3,"AuthToken":"eyJhbGciOiJFUzI1NiIsInR5cCI6IkpXVCJ9.eyJhcHBJZCI6IjE6NzMyNTY1OTIwMjU5OmFuZHJvaWQ6ZjZlNThhYjBlZDIwYzNjZCIsImV4cCI6MTc2NDY5MjcyNywiZmlkIjoiY0VPS1NDRDBSQk9ZQVp1WHJSSXM1USIsInByb2plY3ROdW1iZXIiOjczMjU2NTkyMDI1OX0.AB2LPV8wRQIhAMtqBRGnk4VtZjfos8-AMMz97PBKtq3zb8ADNQVYZ2HcAiA-chOSyW_ru02ZzpckjXogycAVWOAVu3HxgH7All19ew","RefreshToken":"3_AS3qfwJVAZimWR5q21h7BrhSlzzIdPCQ3ZAiVpmHBkN-UsndTgF_IDJptjmN9L6e92OOu1e_Aj2yLbXk7J_x85bEYBpS0g4TPU2dfXTMkCzOUA","TokenCreationEpochInSecs":1764087926,"ExpiresInSecs":604800}