{"errorDescription":"200-10000","message":"","resultCode":"OK","resultObj":{"config":{"app_error_journey":{"api_timeout":10,"auto_retry_count":0,"disable_cta_cooldown":60,"enable_network_diagnostic":false,"network_check_timeout":3,"retry_server_error_failures":false,"retry_slow_network_failures":false,"server_error_max_retry":1,"slow_internet_threshold":512,"speed_check_timeout":3,"splash_timeout":10},"app_launch":{"enable_previous_login_popup":false,"isOnboaring_video_views":5,"isOngoing_video_views":0},"celebrity_page":{"country_flags":{"Portugal":"https://origin-staticv2.sonyliv.com/UI_icons/New_Final_Icons_30052020/Mask_group.png","India":"https://origin-staticv2.sonyliv.com/UI_icons/New_Final_Icons_30052020/Mask_group-2.png","England":""}},"content_languages":[{"code":"ENG","display_text":"English","image_url":"https://origin-staticv2.sonyliv.com/videoasset_images/english_900x900.png","native_text":"English"},{"code":"HIN","display_text":"Hindi","image_url":"https://origin-staticv2.sonyliv.com/videoasset_images/hindi_900x900.png","native_text":"हिन्दी"},{"code":"TAM","display_text":"Tamil","image_url":"https://origin-staticv2.sonyliv.com/videoasset_images/tamil_900x900.png","native_text":"தமிழ்"},{"code":"TEL","display_text":"Telugu","image_url":"https://origin-staticv2.sonyliv.com/videoasset_images/telugu_900x900.png","native_text":"తెలుగు"},{"code":"MAL","display_text":"Malayalam","image_url":"https://origin-staticv2.sonyliv.com/videoasset_images/malayalam_900x900.png","native_text":"മലയാളം"},{"code":"KAN","display_text":"Kannada","image_url":"https://origin-staticv2.sonyliv.com/videoasset_images/kannada_900x900.png","native_text":"ಕನ್ನಡ"},{"code":"BEN","display_text":"Bengali","image_url":"https://origin-staticv2.sonyliv.com/videoasset_images/bengali_900x900.png","native_text":"বাংলা"},{"code":"MAR","display_text":"Marathi","image_url":"https://origin-staticv2.sonyliv.com/videoasset_images/marathi_900x900.png","native_text":"मराठी"}],"styles":{"button_styles":{"btn_yellow":{"bg_color":"#FFA800","bg_alpha":1,"bg_color_focused":"","bg_alpha_focused":1,"border_color":"#FFA800","border_color_focused":"","text_color_primary":"#07070A","text_color_primary_focused":"","text_color_secondary":"#07070A","text_color_secondary_focused":""},"btn_white":{"bg_color":"#FFFFFF","bg_alpha":1,"bg_color_focused":"","bg_alpha_focused":1,"border_color":"#FFFFFF","border_color_focused":"","text_color_primary":"#07070A","text_color_primary_focused":"","text_color_secondary":"#777777","text_color_secondary_focused":""},"btn_gray":{"bg_color":"#FFFFFF","bg_alpha":0.2,"bg_color_focused":"","bg_alpha_focused":1,"border_color":"","border_color_focused":"","text_color_primary":"#FFFFFF","text_color_primary_focused":"","text_color_secondary":"#ACACAC","text_color_secondary_focused":""}}},"download":{"ask_quality_popup_always":false,"expiry_toast_dismissal_time":3,"onboarding_ui_frequency":2,"quality_selector_frequency":15,"show_expiry_toast_message":true,"subscription_grace_period":7},"esports":{"esports_ad_url":"/423477888/SonyLiv/Esports_320x50","esports_feature":true,"esports_webview_url":"https://webview-uat.sonyliv.com/esports/"},"feature_control_popups":{"age_restriction_in_place":{"image_url":"https://origin-staticv2.sonyliv.com/UI_icons/ic_agerestriction.png","primary_cta":"sony://home","primary_cta_text":"Take me to Homepage","secondary_cta":"na","sub_title":"It looks like your age group isn\u0027t eligible to watch this show. Go back to the homepage to explore other options!","title":"Sorry, Age Restriction in Place","type":"std_popup"},"auto_logout_popup":{"image_url":"https://origin-staticv2.sonyliv.com/UI_icons/ic_logout.png","primary_cta":"\u003csign-in-deeplink\u003e","primary_cta_text":"Sign in again","sub_title":"Click below to login","title":"To keep your account safe, we require you to login again","type":"std_popup"},"confirm_age_group":{"age_groups":[{"key":"age_group_7","label":"Under 7 yr","value":7},{"key":"age_group_13","label":"Under 13 yr","value":13},{"key":"age_group_16","label":"Under 16 yr","value":16},{"key":"age_group_18","label":"Under 18 yr","value":18},{"key":"age_group_18_more","label":"More than 18 yr","value":19}],"primary_cta":"close","primary_cta_text":"Go back","secondary_cta":"confirm_age","secondary_cta_text":"Confirm","sub_title":"This content is rated \u0026asset_age_rating. Please confirm your age and gender to continue watching","title":"Let\u0027s Verify Your Age!","type":"multi_choice_popup"},"feature_not_available":{"image_url":"https://origin-staticv2.sonyliv.com/UI_icons/ic_feature_missing.png","primary_cta":"close","primary_cta_text":"Close","secondary_cta":"na","sub_title":"We are actively working to fix it.","title":"This feature is temporarily unavailable","type":"std_popup"},"image_url":"https://origin-staticv2.sonyliv.com/UI_icons/connection_error.png","offers_not_available":{"image_url":"https://origin-staticv2.sonyliv.com/UI_icons/ic_feature_missing.png","primary_cta":"close","primary_cta_text":"Close","secondary_cta":"na","sub_title":"Please try again in sometime","title":"This feature is temporarily unavailable","type":"std_popup"},"parental_pin_verifcation_degradation":{"sub_title":"Click below to watch the match.","title":"Trouble with Login? We don\u0027t want you to miss the match"},"parental_pin_verifcation_failure":{"image_url":"https://origin-staticv2.sonyliv.com/UI_icons/ic_somwentwrong.png","primary_cta":"sony://retry","primary_cta_text":"Try again","secondary_cta":"sony://logout_cont_guest","secondary_cta_text":"Logout \u0026 continue as guest user","sub_title":"Error code: \u0026error_code","title":"Something went wrong","type":"std_popup"},"payment_failure":{"sub_title":"Click below to watch the match","title":"Trouble buying a subscription? We don\u0027t want you to miss the match"},"plan_failure":{"sub_title":"Click below to watch the match","title":"Trouble buying a subscription? We don\u0027t want you to miss the match"},"primary_cta":"sony://asset/1700000190","primary_cta_text":"Watch the match now","secondary_cta":"sony://home","secondary_cta_text":"Take me to Homepage","set_pin_degredation":{"image_url":"https://origin-staticv2.sonyliv.com/UI_icons/ic_feature_missing.png","primary_cta":"close","primary_cta_text":"Close","secondary_cta":"na","sub_title":"Please try again after sometime.","title":"This feature is temporarily unavailable","type":"std_popup"},"set_pin_failure":{"image_url":"https://origin-staticv2.sonyliv.com/UI_icons/ic_somwentwrong.png","primary_cta":"sony://retry","primary_cta_text":"Try again","secondary_cta":"na","sub_title":"Error code: \u0026error_code","title":"Something went wrong","type":"std_popup"},"signin_not_available":{"sub_title":"Click below to watch the match","title":"Trouble with Login? We don\u0027t want you to miss the match"},"single_cta_popup":{"sub_title":"Click below to login","title":"To keep your account safe, we require you to login again"},"sub_title":"We’re fixing a small issue in the background. Meanwhile, you can watch ACC without interruption","title":"Something’s not loading, but the match is!","type":"content_popup"},"frequent_config":{"feature_login":{"enable":true,"parental_pin_enable":true},"feature_subscription":{"amazon_pay_enable":true,"enable":true,"google_play_enable":true,"non_iap_enable":true,"payment_enable":true,"plan_enable":true},"free_preview_param":{"addon_duration":0,"check_time":20,"throttle":0,"type":"full","update_interval":10},"min_gap_api_call":10},"genres":[{"imageUrl":"https://origin-staticv2.sonyliv.com/Ui_icons/Android_phone/Comedy.png","name":"Comedy"},{"imageUrl":"https://origin-staticv2.sonyliv.com/Ui_icons/Android_phone/Drama.png","name":"Drama"},{"imageUrl":"https://origin-staticv2.sonyliv.com/Ui_icons/Android_phone/Romance.png","name":"Romance"},{"imageUrl":"https://origin-staticv2.sonyliv.com/Ui_icons/Android_phone/Game_Show.png","name":"Game show"},{"imageUrl":"https://origin-staticv2.sonyliv.com/Ui_icons/Android_phone/Fantasy.png","name":"Fantasy"},{"imageUrl":"https://origin-staticv2.sonyliv.com/Ui_icons/Android_phone/Reality.png","name":"Reality"},{"imageUrl":"https://origin-staticv2.sonyliv.com/Ui_icons/Android_phone/Thriller.png","name":"Thriller"},{"imageUrl":"https://origin-staticv2.sonyliv.com/Ui_icons/Android_phone/Cricket.png","name":"Cricket"},{"imageUrl":"https://origin-staticv2.sonyliv.com/Ui_icons/Android_phone/Football.png","name":"Football"},{"imageUrl":"https://origin-staticv2.sonyliv.com/Ui_icons/Android_phone/Tennis.png","name":"Tennis"},{"imageUrl":"https://origin-staticv2.sonyliv.com/Ui_icons/Android_phone/WWE.png","name":"WWE"}],"lock_feature_config":{"feature_enabled":false,"feature_onboarding_enabled":true},"login_screen":{"emailid_socialmedia_options":[{"Type":"email_signin","isEnable":true,"signin_cta":"Log in with Email","signin_icon":"https://origin-staticv2.sonyliv.com/Ui_icons/new_androidmobile_iphone/new_androidmobile_iphone/signin_icon_email.png"},{"Type":"facebook_signin","isEnable":true,"signin_cta":"Continue with Facebook","signin_icon":"https://origin-staticv2.sonyliv.com/Ui_icons/new_androidmobile_iphone/new_androidmobile_iphone/signin_icon_facebook.png"},{"Type":"google_signin","isEnable":true,"signin_cta":"Continue with Google","signin_icon":"https://origin-staticv2.sonyliv.com/Ui_icons/new_androidmobile_iphone/new_androidmobile_iphone/signin_icon_google.png"},{}],"mobile_login":true,"otp_size":0,"success_popup_timer":0},"my_list_config":{"empty_interests_img":"https://origin-staticv2.sonyliv.com/UI_icons/interests_android_phone.svg","empty_reminders_img":"https://origin-staticv2.sonyliv.com/UI_icons/remainders_android_phone.svg","empty_watchlist_img":"https://origin-staticv2.sonyliv.com/UI_icons/watchlist_android_phone.svg","max_count_for_recommendations":3,"selected_tab_index":0,"tabs":[{"label":"Watchlist"},{"label":"Reminders"},{"label":"Interests"}],"tabs_count":"3"},"personalisation_options":[],"personalisation_setup":{"personalisation_options":[{"eng_title":"TV Shows","bg_img":"https://origin-staticv2.sonyliv.com/Ui_icons/new_androidmobile_iphone/new_androidmobile_iphone/bg_img_tv_shows.png","preference_code":"shows"},{"eng_title":"Originals","bg_img":"https://origin-staticv2.sonyliv.com/Ui_icons/new_androidmobile_iphone/new_androidmobile_iphone/orginals.png","preference_code":"originals"},{"eng_title":"Sports","bg_img":"https://origin-staticv2.sonyliv.com/Ui_icons/new_androidmobile_iphone/new_androidmobile_iphone/bg_img_sports.png","preference_code":"sports"},{"eng_title":"Movies","bg_img":"https://origin-staticv2.sonyliv.com/Ui_icons/new_androidmobile_iphone/new_androidmobile_iphone/movies.png","preference_code":"movies"}],"personalisation_options_select_img":"https://origin-staticv2.sonyliv.com/Ui_icons/new_androidmobile_iphone/new_androidmobile_iphone/personalisation_options_select_img.png"},"plan_comparison":{"assets_for_controls":{"info_icon":"https://origin-staticv2.sonyliv.com/UI_icons/Info_2x_mobile.png","language_selection":"https://origin-staticv2.sonyliv.com/UI_icons/New_Final_Icons_30052020/language_selection.png","liv_icon":"https://origin-staticv2.sonyliv.com/UI_icons/New_Final_Icons_30052020/liv_icon.png","promo_applied":"https://origin-staticv2.sonyliv.com/UI_icons/New_Final_Icons_30052020/promo_applied.png","promo_not_applied":"https://origin-staticv2.sonyliv.com/UI_icons/New_Final_Icons_30052020/promo_not_applied.png","radio_not_selected":"https://origin-staticv2.sonyliv.com/UI_icons/New_Final_Icons_30052020/radio_not_selected.png","radio_selected":"https://origin-staticv2.sonyliv.com/UI_icons/New_Final_Icons_30052020/radio_selected.png","select_promo_code":{"default":{"English":"Select a promo code"},"default_overlay":{"English":"Select a promo code"},"player_overlay":{"English":"Select a promo code"}},"signIn_icon":"https://origin-staticv2.sonyliv.com/UI_icons/New_Final_Icons_30052020/signIn_icon.png","subscribe_text":{"default":{"English":"Subscribe to watch all content on Sony LIV"},"default_overlay":{"English":"Subscribe to watch all content on Sony LIV"},"player_overlay":{"English":"Subscribe to watch all content on Sony LIV"}},"tv_info_focused":"https://origin-staticv2.sonyliv.com/UI_icons/New_Final_Icons_30052020/tv_info_focused.png","upgrade_text":{"default":{"English":"Upgrade your subscription for better experience"},"default_overlay":{"English":"Upgrade your subscription for better experience"},"player_overlay":{"English":"Upgrade your subscription for better experience"}}},"attributes":[{"info":{"English":"Number of devices on which a content can be watched at the same time (Mobile only pack users will be able to watch content only on mobile devices)"},"key":"concurrent_screen","label":{"English":"Watch on devices at same time"}},{"info":{"English":"Video quality of any content will depend on your internet speed and device support (Not all content is available in all resolutions)"},"key":"max_video_quality","label":{"English":"Max Video Quality"}},{"info":{"English":"Audio quality of any content will depend on your device support (Not all content is available in all audio qualities)"},"key":"max_audio_quality","label":{"English":"Max Audio Quality"}},{"info":{"English":"Advertisements will be shown on Sports, Liv Exclusives and Reality Shows (Live and Recorded) \u0026 Interactivity"},"key":"advertisement","label":{"English":"Ad free experience"}},{"info":{"English":"Number of device on which an account can stay logged in at the same time"},"key":"maximum_number_of_logins","label":{"English":"Number of logged in devices"}}],"category_value":{"category_sub_title":{"English":"Movies, Originals and Live Sports"},"category_title":{"English":"Access All Content"},"max_audio_quality_dolby_url":"https://origin-staticv2.sonyliv.com/UI_icons/Atmos/iOS_Android_DolbyAtmos_2x.png","max_audio_quality_sterio_2.1_url":"https://origin-staticv2.sonyliv.com/UI_icons/Stereo/Android_Stereo_3x.png","max_video_quality_full_hd":"FULL HD/n(1080p)","max_video_quality_hd":"Upto 720p HD","max_video_ultra_hd":"Upto 4K UHD","plan_comparison_ad_format_and_live":{"English":"Except on Sports, Liv Exclusives, Reality Shows \u0026 Interactivity"},"plan_comparison_ad_format_on_selected_content":{"English":"Only on selected content"},"plan_comparison_ad_live_sports":{"English":"Only on Live Sports"},"plan_comparison_with_ad":{},"plan_comparison_ad_selected_and_live_channels":{},"plan_comparison_ad_selected_and_live_events":{}},"design_variant_mapping":{"details_page":"default","hamburger_menu":"default","my_account":"default","others":"default","player_page":"default","smarthook":"default"},"enable_languge_selection":true,"recurring_message":"All plans are recurring and will auto-renew until cancelled. Cancel any time by visiting your Account. Subscriptions are subject to our Terms of Use","sku_plan_mapping":{"LIV_Pre_Sup_12M":{"label":{"English":"Test"},"duration":{"English":"Not for Purchase"}},"LIV_Pre_1M":{"label":{"English":"LIV Premium"},"duration":{"English":"Monthly"}},"LIV_Pre_12M":{"duration":{"English":"Yearly"},"label":{"English":"LIV Premium"}},"LIV_PRE_Mob_12M":{"label":{"English":"Mobile Only"},"duration":{"English":"Yearly"}},"liv_sp":{"label":{"English":"LIV Special"},"duration":{"English":"Yearly"}},"l_sp_plus":{"label":{"English":"LIV Special+"},"duration":{"English":"Yearly"}},"LIV_Pre_6M":{"label":{"English":"LIV Premium"},"duration":{"English":"6 Months"}},"LIV_Pre_Mob_3M":{"label":{"English":"Mobile Only"},"duration":{"English":"3 Months"}},"LIV_WWE":{"label":{"English":"WWE Network"},"duration":{"English":"Yearly"}}},"supported_languages":["English"]},"platform_quality_capping":{"4K":{"UHD":""},"isAll":true,"playback_resolution_config":[{"Config1":{"enabled":true,"id":8,"name":"Auto","resolution_value":""}},{"Config3":{"enabled":true,"id":6,"name":"High","resolution_value":""}},{"Config2":{"enabled":true,"id":7,"name":"DataSaver","resolution_value":"360p"}},{"Config4":{"enabled":true,"id":5,"name":"Advanced","resolution_value":""}}],"resolution_ladder":[{"Ladder1":{"enabled":false,"name":"UHD","resolution":"2160p"}},{"Ladder2":{"enabled":false,"name":"FULL_HD","resolution":"1080p"}}]},"playback_speed_control_config":{"feature_onboarding_enabled":true,"playback_speed_config":[{"isSelected":false,"label":"0.25x","speed":0.25},{"isSelected":false,"label":"0.5x","speed":0.5},{"isSelected":false,"label":"0.75x","speed":0.75},{"isSelected":false,"label":"1x (Normal)","speed":1.0},{"isSelected":false,"label":"1.25x","speed":1.25},{"isSelected":false,"label":"1.5x","speed":1.5},{"isSelected":false,"label":"2x","speed":2.0}]},"post_live_suggestions":{"ctas":{"HOME":{"icon":"https://origin-staticv2.sonyliv.com/UI_icons/home_default.png","icon_focused":"https://origin-staticv2.sonyliv.com/UI_icons/home_focused.png","text":"Back To Home"},"RECOMMENDATION":{"icon":"","icon_focused":"","text":"Recommended"},"highlights":{"icon":"https://origin-staticv2.sonyliv.com/UI_icons/play_default.png","icon_focused":"https://origin-staticv2.sonyliv.com/UI_icons/play_focused.png","text":"Highlights"},"sports_clips":{"icon":"https://origin-staticv2.sonyliv.com/UI_icons/km_default.png","icon_focused":"https://origin-staticv2.sonyliv.com/UI_icons/km_focused.png","text":"Key Moments"},"full_match":{"icon":"https://origin-staticv2.sonyliv.com/UI_icons/replay_default.png","icon_focused":"https://origin-staticv2.sonyliv.com/UI_icons/replay_focused.png","text":"Replay"}},"isEnable":true,"live_status_api_frequency":"60","text_color_match_ended":"#FFC900","texts":{"highlights":"Watch Highlights","keymoments":"Key Moments","match_ended":"Live stream has ended","recommendation":"Recommended","replay":"Watch Replay","retry":"Please try again after some time","title_listing_highlights":"Highlights","title_listing_keymoments":"Key Moments","title_listing_recommended":"Recommended","title_listing_replay":"Replays"}},"profile_setup":{"_dobMandatory":false,"_genderMandatory":false,"_languagesMandatory":false,"adult_profile":{"age_group":{"key":"above18","max_age":100,"min_age":18,"sub_type":"Adult","sub_type_long":""}},"auto_accept_post_last_digit":{"enabled":true,"timeout_in_secs":60},"avatar_images":[{"image":"https://origin-staticv2.sonyliv.com/UI_icons/Mobile_Avatars_01.png","isDefaultAvatarImage":true},{"image":"https://origin-staticv2.sonyliv.com/UI_icons/Mobile_Avatars_02.png","isDefaultAvatarImage":false},{"image":"https://origin-staticv2.sonyliv.com/UI_icons/Mobile_Avatars_03.png","isDefaultAvatarImage":false},{"image":"https://origin-staticv2.sonyliv.com/UI_icons/Mobile_Avatars_04.png","isDefaultAvatarImage":false},{"image":"https://origin-staticv2.sonyliv.com/UI_icons/Mobile_Avatars_05.png","isDefaultAvatarImage":false},{"image":"https://origin-staticv2.sonyliv.com/UI_icons/Mobile_Avatars_06.png","isDefaultAvatarImage":false},{"image":"https://origin-staticv2.sonyliv.com/UI_icons/Mobile_Avatars_07.png","isDefaultAvatarImage":false},{"image":"https://origin-staticv2.sonyliv.com/UI_icons/Mobile_Avatars_08.png","isDefaultAvatarImage":false},{"image":"https://origin-staticv2.sonyliv.com/UI_icons/Mobile_Avatars_09.png","isDefaultAvatarImage":false}],"default_kids_age_group_selected":"under7","enable_kids_age_group":true,"fields":[{"field_name":"avatars","isMandatory":true,"isVisible":true},{"field_name":"name","isMandatory":true,"isVisible":true},{"field_name":"dob","isMandatory":false,"isVisible":true},{"field_name":"gender","isMandatory":false,"isVisible":true},{"field_name":"language","isMandatory":false,"isVisible":true}],"gender_options":["Male","Female","Prefer Not To Say"],"gender_options_non_adults":["Male","Female"],"isDobVisible":false,"isGenderVisible":false,"isLanguageVisible":false,"kids_age_group":[{"key":"under7","sub_type":"Under 7","sub_type_long":"Under 7 years"},{"key":"under13","sub_type":"Under 13","sub_type_long":"Under 13 years"},{"key":"under16","sub_type":"Under 16","sub_type_long":"Under 16 years"},{"key":"under18","sub_type":"Under 18","sub_type_long":"Under 18 years"}],"kids_safe_for_no_age":true,"name_mandatory":true,"parental_control_mandatory":true,"whos_watching":{"multi_profiles":{"defaultCount":0,"frequency":3,"repeat_in_interval":false,"time_interval_in_hrs":0},"single_profile":{"defaultCount":5,"frequency":5,"repeat_in_interval":false,"time_interval_in_hrs":0}}},"shorts":{"age_rating_duration":5,"auto_play_enabled":true,"auto_play_repeat_time":8,"content_prefetch":{"count":10,"enable":true,"time":2},"cta_text":[{"text":"Watch Episode","type":"EPISODE"},{"text":"Watch MOVIE","type":"MOVIE"},{"text":"Watch Live Sport","type":"LIVE_SPORT"},{"text":"Watch Highlights","type":"HIGHLIGHTS"}],"dictionary":{"coach_last_step_cta":"Got it!","coach_skip_cta":"Skip","coach_step1":"Swipe to change videos","coach_step2":"Know more about the show","coach_step3":"Watch the full episode","coach_step_cta":"Next","intro_cta":"Explore","intro_desc":"Short clips from your favourite LIV content,\\n curated just for you!","intro_title":"Introducing Shorts"},"enable_age_rating":true,"enable_cta":true,"enable_description":true,"godavari_shorts_enabled":true,"enable_rai":true,"enable_stack_resume":true,"first_frame_prefetch":{"count":10,"enable":true},"godavari_shorts_beacon_url":"https://api-godavari.sonyliv.com/shorts-beacon","shorts_max_buffer_ms":4000,"shorts_min_buffer_ms":2000,"shorts_buffer_for_playback_after_rebuffer_ms":1000,"shorts_min_buffer_to_start_playback_ms":500,"min_scroll_video_play":0.5,"multi_player":true,"shorts_page_item_count":20,"shorts_page_prefetch_position":5,"shorts_session_count_threshold":3,"tray_play_icon_enabled":true,"tray_title_enabled":true},"trailer_config":{"enable_haptic_feedback":true,"show_my_list_button":{"button_mylist_not_set_landscape_image":"https://origin-staticv2.sonyliv.com/UI_icons/Trailernew/button_mylist_not_set_landscape_image.png","button_mylist_not_set_portrait_image":"https://origin-staticv2.sonyliv.com/UI_icons/Trailernew/button_mylist_not_set_portrait_image.png","button_mylist_not_set_title":"My List","button_mylist_set_landscape_image":"https://origin-staticv2.sonyliv.com/UI_icons/Trailernew/button_mylist_set_landscape_image.png","button_mylist_set_portrait_image":"https://origin-staticv2.sonyliv.com/UI_icons/Trailernew/button_mylist_set_portrait_image.png","button_mylist_set_title":"My List","enable_on_landscape":true,"enable_on_portrait":true,"end_time":5,"start_time":5},"show_reminder_button":{"button_image_landscape_reminder_background":"https://origin-staticv2.sonyliv.com/UI_icons/Trailernew/button_image_landscape_reminder_background.png","button_image_landscape_reminder_not_set":"https://origin-staticv2.sonyliv.com/UI_icons/Trailernew/button_image_landscape_reminder_not_set.png","button_image_landscape_reminder_set":"https://origin-staticv2.sonyliv.com/UI_icons/Trailernew/button_image_landscape_reminder_set.png","button_image_potrait_reminder_not_set":"https://origin-staticv2.sonyliv.com/UI_icons/Trailernew/button_image_potrait_reminder_not_set.png","button_image_potrait_reminder_set":"https://origin-staticv2.sonyliv.com/UI_icons/Trailernew/button_image_potrait_reminder_set.png","button_reminder_not_set_title":"Set Reminder","button_reminder_set_title":"Set Reminder","enable_on_landscape":true,"enable_on_portrait":true,"end_time":5,"remind_firsttime_animation_duration":5,"start_time":5},"show_subscribe_button":{"enable_on_landscape":true,"enable_on_portrait":true,"end_time":5,"start_time":5},"show_watch_now_button":{"button_title":"Watch Now","button_watchnow_background_image":"https://origin-staticv2.sonyliv.com/UI_icons/Trailernew/button_watchnow_background_image_new.png","button__watchnow_icon_image":"https://origin-staticv2.sonyliv.com/UI_icons/Trailernew/button__watchnow_icon_image.png","enable_on_landscape":true,"end_time":5,"start_time":5},"subscription_deeplink":{"button_deeplink_text1":"This content is exclusive for","button_deeplink_text2":"Premium users"}},"update_mobile_email":{"enable_email_update":true,"enable_mobile_update":true},"USA_consents":[]}},"systemTime":1764155115846}