{"Fid":"cMqpTyrTQ3-_oiXxRMON9N","Status":3,"AuthToken":"eyJhbGciOiJFUzI1NiIsInR5cCI6IkpXVCJ9.eyJhcHBJZCI6IjE6ODc2MzMzMzcxNTk2OmFuZHJvaWQ6OTJlMjQzNjFhNmE0YWIzY2Y4MzI2OSIsImV4cCI6MTc2NDI0MDk4NSwiZmlkIjoiY01xcFR5clRRMy1fb2lYeFJNT045TiIsInByb2plY3ROdW1iZXIiOjg3NjMzMzM3MTU5Nn0.AB2LPV8wRgIhAO4z2ARcTuovI-wEEpS11Cpzrj-ZgSDEn5IOg0uuDxNqAiEAywONhpW8lwVU_RFNlktJZAf-bgZrpwkcsgV-vcOWbQI","RefreshToken":"3_AS3qfwLo-dGaMkwoAeNFBdhcuMdEYn0JzihEa86SE50OqfnVjJ3OtHaQB7DbFHmSw4jLZGpO1PCiSErzb7jMw_ljSY9WrWJkhXWDk9S3MkKR2dk","TokenCreationEpochInSecs":1763636185,"ExpiresInSecs":604800}