{"Fid":"fnSJUjVdRh-9VoQVUo8dwF","Status":3,"AuthToken":"eyJhbGciOiJFUzI1NiIsInR5cCI6IkpXVCJ9.eyJhcHBJZCI6IjE6NjM2ODEzODMyNjYyOmFuZHJvaWQ6NmVlMWZhZWNlZGIzYjFkYmZjNzQ3NyIsImV4cCI6MTc2NDI0MDk4NCwiZmlkIjoiZm5TSlVqVmRSaC05Vm9RVlVvOGR3RiIsInByb2plY3ROdW1iZXIiOjYzNjgxMzgzMjY2Mn0.AB2LPV8wRgIhALsVV6Xe1wrzmXQXGIWGLmV3iI2l2zhcGpye6K24B72dAiEAqr8kq3w_yQhZiC3R1GH8ucwYIfFmMQCgYhgbh-9DkDw","RefreshToken":"3_AS3qfwKsbeh_oY_58XmtWXKsMlR41zcYZAfC0m1MNgZPbdQ0e76Qx0Cl557eEkMPUgPh6xdS0YMCLb-BT8_OMgu9OqM_RgqKiDNY4nVSQ_jpJc8","TokenCreationEpochInSecs":1763636184,"ExpiresInSecs":604800}