<?xml version='1.0' encoding='utf-8' standalone='yes' ?>
<map>
    <string name="prev_event_name">number_verified</string>
    <long name="prev_event_timestamp" value="1758256639824" />
    <int name="appsFlyerInAppEventCount" value="3" />
    <string name="afUninstallToken">cOqtmHH9SOyKJV_-b_DG7o:APA91bHeePHyPPGWF6qRXbhmAxKqaqtEp4WE9l3xc3ns83whXXP0qlx-kcjfuu_WqefTGzyr0ok6-4jVDNrcSCVEIFg9c41LsFU79eYxQEIOM_dUA8xef6I</string>
    <long name="prev_session_dur" value="10" />
    <boolean name="ddl_sent" value="true" />
    <long name="af_rc_max_age" value="86400" />
    <string name="sentSuccessfully">true</string>
    <int name="versionCode" value="20252202" />
    <string name="af_remote_config">eyJmZWF0dXJlcyI6e30sInZlciI6ImRlZmF1bHQudjEuMTYzNzE0OTUyOSJ9</string>
    <boolean name="sentRegisterRequestToAF" value="true" />
    <string name="savedProperties">{&quot;uid&quot;:&quot;1758256550922-820974198559244362&quot;,&quot;waitForCustomerId&quot;:&quot;false&quot;,&quot;logLevel&quot;:&quot;0&quot;,&quot;AppUserId&quot;:&quot;d6f2022e608fbc74&quot;}</string>
    <string name="AF_INSTALLATION">1758256550922-820974198559244362</string>
    <boolean name="afUninstallToken_queued" value="false" />
    <int name="appsFlyerCount" value="8" />
    <long name="af_rc_timestamp" value="1763635596851" />
    <long name="AppsFlyerTimePassedSincePrevLaunch" value="1763635596851" />
    <boolean name="newGPReferrerSent" value="true" />
    <string name="first_launch">{&quot;net&quot;:1678,&quot;from_fg&quot;:711,&quot;start_with&quot;:&quot;application&quot;,&quot;init_to_fg&quot;:51}</string>
    <string name="appsFlyerFirstInstall">2025-09-19_100551+0530</string>
    <long name="afUninstallToken_received_time" value="1763635598403" />
    <string name="attributionId">{&quot;install_time&quot;:&quot;2025-09-19 04:35:53.566&quot;,&quot;af_message&quot;:&quot;organic install&quot;,&quot;af_status&quot;:&quot;Organic&quot;,&quot;is_first_launch&quot;:false}</string>
</map>
