<?xml version='1.0' encoding='utf-8' standalone='yes' ?>
<map>
    <long name="first_open_time" value="1757050285658" />
    <string name="gmp_app_id">1:412826138735:android:8a32f791e415634f2ff59a</string>
    <string name="app_instance_id">4b705cdd6c4d840f48597c50ae72ed28</string>
    <long name="session_id" value="1763635595" />
    <boolean name="app_backgrounded" value="false" />
    <long name="health_monitor:start" value="1763635595201" />
    <boolean name="use_service" value="true" />
    <boolean name="deferred_analytics_collection" value="false" />
    <string name="default_event_parameters">[{&quot;n&quot;:&quot;sc_session_id&quot;,&quot;v&quot;:&quot;3356132988_edc1af08-7bcd-4e80-ab81-54ef4a8feaeb&quot;,&quot;t&quot;:&quot;s&quot;}]</string>
    <string name="previous_os_version">9</string>
    <boolean name="has_been_opened" value="true" />
    <boolean name="allow_remote_dynamite" value="true" />
    <long name="last_pause_time" value="1763635596409" />
    <boolean name="start_new_session" value="false" />
</map>
