{"configs_key":{"brands_cta_data":"[]","default_home_tab":"HOME","rating_popup_count":"5","api_response_caching_duration":"1800","show_app_rating_layout":"true","show_paywall_daily":"true","play_billing_dialog_data":"{\"play_billing_info_dialog\":{\"title\":\"Changes to your checkout options\",\"description\":\"You now have more options at checkout.\\nYour choice will determine\",\"bullet_points\":[\"Who secures your purchase, processes your payment and stores any payment information.\",\"Who provide customer support for the purchase.\",\"Which benefits are available with your purchase.\"],\"disclaimer\":\"Only purchases through Google Play are secured by Google. Play features such as Play gift cards. Purchase controls, and subscription management are only available when you choose Google Play Protect\",\"primary_cta\":\"Continue\",\"secondary_cta\":\"Learn More\"},\"play_billing_options_dialog\":{\"title\":\"Choose How to checkout\",\"description\":\"Choose who will secure and process your payment and provide customer service. Benefits and available forms of payment may vary. \n      ","premium_support_phone":"9571141427","continue_screen_after_payment":"false","series_performance_dashboard_url":"https:\/\/analytics.seekho.in\/public\/dashboards\/ONrYiljSLUFka4PBaYlAOEJRUZpB4XZPARqYHKsK?org_slug=default&p_series_id=","play_free_series_trailer":"false","enable_dynamic_app_icon":"false","open_freshchat":"false","rating_delayed_time":"20000","p0_time_spent_limit":"600","feedback_email_id":"ankit.bhatia@seekhoapp.com","feedback_uri":"app:\/\/seekhoapp.com\/feedback\/whatsapp\/+916360770274","enable_brand_cta":"false","show_rating_option_in_settings":"false","series_end_play_next":"false","sign_up_mandatory":"true","quality_approve_creator_form":"https:\/\/forms.gle\/AnoeVfXXw9kusPjj7","sign_up_skippable":"false","whatsapp_number":"+916362859855","uxcam_enabled":"true","alarm_notification_data":"{\"enable_alarm_notification\":true,\"series_list\":[{\"id\":3059,\"slug\":\"14e67f06-ec65-4274-80b1-6a4fbc5acb68\",\"title\":\"Kaise karein Aadhaar par Sudhaar?\",\"description\":\"Dekhein Sarkari Kaam ki yeh series\",\"cta\":\"Abhi dekhein\",\"notification_alarm_time\":\"08:00\",\"notification_alarm_day\":1,\"image\":\"https:\/\/images.seekhoapp.com\/series\/143x206\/a58d205a3e514971aecdf98fb2ed5e4f.jpeg\",\"expanded_image\":\"https:\/\/images.seekhoapp.com\/series\/572x824\/af29504bcbd944d1a0bbeb6453ff27c0.jpeg\"},{\"id\":3662,\"slug\":\"part-time-work-websites\",\"title\":\"Video dekhkar kamaye paise\",\"description\":\"Dekhein Online Earning ki yeh series\",\"cta\":\"Abhi dekhein\",\"notification_alarm_time\":\"13:00\",\"notification_alarm_day\":1,\"image\":\"https:\/\/images.seekhoapp.com\/series\/143x206\/e5a6c24aa35243edbff1f30cd35d55a8.jpeg\",\"expanded_image\":\"https:\/\/images.seekhoapp.com\/series\/572x824\/9cea022faa454c63bee9ca615bf02bae.jpeg\"},{\"id\":6538,\"slug\":\"mobile-recharge\",\"title\":\"Free mein karein Mobile Recharge\",\"description\":\"Dekhein Mobile Tricks ki yeh series\",\"cta\":\"Abhi dekhein\",\"notification_alarm_time\":\"18:00\",\"notification_alarm_day\":1,\"image\":\"https:\/\/images.seekhoapp.com\/series\/143x206\/3e80aac47c914b3e80609b7b7f81dcb1.jpeg\",\"expanded_image\":\"https:\/\/images.seekhoapp.com\/series\/572x824\/244f259304294add8a1524a986c84b2e.jpeg\"},{\"id\":524,\"slug\":\"youtube-launch\",\"title\":\"Kaise karein Youtube channel shuru\",\"description\":\"Dekhein Youtube ki yeh series\",\"cta\":\"Abhi dekhein\",\"notification_alarm_time\":\"21:00\",\"notification_alarm_day\":1,\"image\":\"https:\/\/images.seekhoapp.com\/series\/572x824\/0c5a120bc8714c539815f792a6a52185.jpeg\"},{\"id\":4427,\"slug\":\"how-to-apply-pan-card-online\",\"title\":\"Kaise banaye Online PAN card?\",\"description\":\"Dekhein Sarkari Kaam ki yeh series\",\"cta\":\"Abhi dekhein\",\"notification_alarm_time\":\"08:00\",\"notification_alarm_day\":2,\"image\":\"https:\/\/images.seekhoapp.com\/series\/143x206\/7d75e8c25c4944e09cdf3e6a5bbc18f8.jpeg\",\"expanded_image\":\"https:\/\/images.seekhoapp.com\/series\/572x824\/9a4ef525a156431d97dc699653d807d6.jpeg\"},{\"id\":8417,\"slugremot\":\"side-income-unique-ideas\",\"title\":\"₹30,000 kamaye ghar baithe\",\"description\":\"Dekhein Online Earning ki yeh series\",\"cta\":\"Abhi dekhein\",\"notification_alarm_time\":\"13:00\",\"notification_alarm_day\":2,\"image\":\"https:\/\/images.seekhoapp.com\/series\/143x206\/ad0a1532c9f9448694e9a0cf2f8c47c3.jpeg\",\"expanded_image\":\"https:\/\/images.seekhoapp.com\/series\/572x824\/61568598ee7945c7af7c2205fb187a83.jpeg\"},{\"id\":8823,\"slug\":\"0-mehnat-100-youtube-success\",\"title\":\"Youtube par success bina mehnat ke\",\"description\":\"Dekhein Youtube ki yeh series\",\"cta\":\"Abhi dekhein\",\"notification_alarm_time\":\"18:00\",\"notification_alarm_day\":2,\"image\":\"https:\/\/images.seekhoapp.com\/series\/143x206\/770145b522bc477fae885481ba1c70d3.jpeg\",\"expanded_image\":\"https:\/\/images.seekhoapp.com\/series\/572x824\/b68190178f0c48d99df93ff2a84cfa47.jpeg\"},{\"id\":8821,\"slug\":\"english-ke-5-mantra\",\"title\":\"7 din mein Angrezi In\",\"description\":\"Dekhein English speaking ki yeh series\",\"cta\":\"Abhi dekhein\",\"notification_alarm_time\":\"21:00\",\"notification_alarm_day\":2,\"image\":\"https:\/\/images.seekhoapp.com\/series\/143x206\/5aacbb2bc12b44dd9a5a65af7880fb22.jpeg\",\"expanded_image\":\"https:\/\/images.seekhoapp.com\/series\/572x824\/603082f82eac4e68a37087e3fcfd8ce8.jpeg\"}],\"alarm_notification_version\":1}","feedback_contact_no":"+916362859855","premium_popup_count":"5","otp_encryption_key":"SeekhoSendOtp","premium_support_mail":"support@seekhoapp.com","splash_navigation_delay":"1000","show_notification_popup_count":"2","feedback_rating_uri":"app:\/\/seekhoapp.com\/feedback\/whatsapp\/+916360770274","notification_elapse_time":"10","show_series_free_tag":"true","terms_n_condition":"https:\/\/seekho.in\/terms-and-conditions?source=android","premium_popup_delayed_time":"10000","show_top_nav_stories":"false","privacy_policy":"https:\/\/seekho.in\/privacy-policy?source=android","show_premium_bottom_layout":"true","report_issue_reasons":"[{\"id\":0,\"title\":\"Sexual Content\",\"slug\":\"sexual-content\"},{\"id\":1,\"title\":\"Violent or repulsive content\",\"slug\":\"violent-repulsive-content\"},{\"id\":2,\"title\":\"Hateful or abusive content\",\"slug\":\"hateful-abusive-content\"},{\"id\":3,\"title\":\"Harmful or dangerous act\",\"slug\":\"harmful-dangerous-act\"},{\"id\":4,\"title\":\"Spam or misleading\",\"slug\":\"spam-misleading\"},{\"id\":5,\"title\":\"Copyright violation\",\"slug\":\"copyright-violation\"},{\"id\":6,\"title\":\"Privacy Concerns\",\"slug\":\"privacy-concerns\"},{\"id\":7,\"title\":\"Technical Issues\",\"slug\":\"technical-issues\"},{\"id\":8,\"title\":\"Other\",\"slug\":\"other\"}]","refund_policy_link":"https:\/\/seekho.in\/cancellation-policy?source=android","hide_help_in_profile":"false","play_next_video_on_complete":"true","premium_email":"seekho.plus@seekhoapp.com","notification_upgrade_v2":"false","gst_coefficient":"1.18"},"fetch_time_key":0,"abt_experiments_key":[],"personalization_metadata_key":{},"template_version_number_key":0,"rollout_metadata_key":[]}