{"Fid":"dFGO4aSyRSK8XJIu2NCQHH","Status":3,"AuthToken":"eyJhbGciOiJFUzI1NiIsInR5cCI6IkpXVCJ9.eyJhcHBJZCI6IjE6NjM2ODEzODMyNjYyOmFuZHJvaWQ6NmVlMWZhZWNlZGIzYjFkYmZjNzQ3NyIsImV4cCI6MTc2MDI3Nzc3NywiZmlkIjoiZEZHTzRhU3lSU0s4WEpJdTJOQ1FISCIsInByb2plY3ROdW1iZXIiOjYzNjgxMzgzMjY2Mn0.AB2LPV8wRQIgSWHsBtD9l5hr2Z1af1bshp-kKGzRj5vgBd-O0yOPGgkCIQDJawiPMyv_k7osM-orTrWgAaOajBt4obMgekndY5Rg-g","RefreshToken":"3_AS3qfwIPEc97RQ1j-A0ddvO-J8faeB9bx8qdDkRerfTMhP_uoZpbJypNVoStwBrKK628zjVgh6lAugAkTHThQ-xg2MtCE2uHtupWBEf2fWnzyBQ","TokenCreationEpochInSecs":1759672977,"ExpiresInSecs":604800}