<?xml version='1.0' encoding='utf-8' standalone='yes' ?>
<map>
    <long name="first_open_time" value="1764038960314" />
    <string name="gmp_app_id">1:732565920259:android:f6e58ab0ed20c3cd</string>
    <string name="app_instance_id">61c34cb66d2ccf3bd174a6802819fea0</string>
    <long name="session_id" value="1764155606" />
    <boolean name="app_backgrounded" value="false" />
    <long name="health_monitor:start" value="1764155605898" />
    <boolean name="use_service" value="true" />
    <boolean name="deferred_analytics_collection" value="false" />
    <string name="previous_os_version">12</string>
    <boolean name="has_been_opened" value="true" />
    <boolean name="allow_remote_dynamite" value="true" />
    <long name="last_pause_time" value="1764155686908" />
    <boolean name="start_new_session" value="false" />
</map>
