<?xml version='1.0' encoding='utf-8' standalone='yes' ?>
<map>
    <set name="fire-perf/20.3.1 fire-cls/18.3.5 fire-core/20.3.1 kotlin/1.7.10 device-model/RE60A4L1 fire-fcm/23.1.2 fire-core-ktx/20.3.1 fire-analytics/21.2.0 fire-db-ktx/20.1.0 device-brand/realme fire-abt/21.1.0 fire-android/35 android-installer/com.android.vending device-name/raphael fire-installations/17.1.3 fire-rc/21.2.1 android-min-sdk/21 android-platform/ android-target-sdk/27 fire-rtdb/20.1.0 fire-transport/18.1.7 fire-perf-ktx/20.3.1 fire-gcs/20.1.0">
        <string>2025-11-25</string>
    </set>
    <long name="fire-count" value="2" />
    <string name="last-used-date">2025-11-26</string>
    <long name="fire-global" value="1764038960426" />
    <set name="fire-perf/20.3.1 fire-cls/18.3.5 device-brand/Samsung fire-core/20.3.1 kotlin/1.7.10 fire-db-ktx/20.1.0 fire-core-ktx/20.3.1 fire-fcm/23.1.2 fire-analytics/21.2.0 fire-abt/21.1.0 device-model/a15x android-installer/com.android.vending device-name/raphael fire-android/32 fire-installations/17.1.3 fire-rc/21.2.1 android-platform/ android-min-sdk/21 android-target-sdk/27 fire-rtdb/20.1.0 fire-transport/18.1.7 fire-perf-ktx/20.3.1 fire-gcs/20.1.0">
        <string>2025-11-26</string>
    </set>
</map>
